date;time;h;x;y;gs;fv;fa;fw;fet;fit;bv;bc;bw;bwh;t1;t2;t3;soc;ke;jv;jc;jw;jwh;gsmspeed
2026-07-22;03:42:59.296;29;41.016100;28.980500;91;48;9.4;740;25;62;58.1;18.9;697;100.2;30;37;44;85;44.9;57;38.8;2274;50.1;67
2026-07-22;03:43:00.113;65;41.017100;28.981500;76;30.7;24.9;707;38;69;58.5;30.6;1257;100.5;27;45;36;85;45.1;39.8;44.1;2336;50.3;70
2026-07-22;03:43:01.225;68;41.018100;28.982500;85;43.2;7.6;423;29;63;54.4;16.1;559;100.8;38;30;46;84;45.3;50.1;33.6;642;50.4;80
2026-07-22;03:43:02.489;47;41.019100;28.983500;91;35.6;12.5;731;25;71;57.7;25;1189;100.9;29;41;30;85;45.8;36.6;41.5;1989;50.6;28
2026-07-22;03:43:03.183;54;41.020100;28.984500;62;40.8;7.9;695;35;55;45.2;6.2;1454;101.0;36;38;32;84;45.8;44.2;7.8;1059;50.7;39
2026-07-22;03:43:04.321;56;41.021100;28.985500;98;43.9;12.2;439;38;56;55;10.5;1577;101.4;37;37;33;84;46.1;50.5;35.7;1711;50.8;62
2026-07-22;03:43:05.214;23;41.022100;28.986500;94;48.1;7.2;334;33;50;52.4;36.7;1509;101.6;41;41;35;85;45.9;57.4;8.3;607;51.0;54
2026-07-22;03:43:06.288;53;41.023100;28.987500;77;48.1;13.6;748;38;68;45.1;37.9;1546;102.0;37;41;38;84;45.4;36.4;24.8;2494;51.1;36
2026-07-22;03:43:07.366;54;41.024100;28.988500;79;33.7;19.6;766;35;50;48.5;7.5;565;102.5;39;39;49;84;45.2;34.5;40.9;1524;51.2;20
2026-07-22;03:43:08.822;78;41.025100;28.989500;81;48;8.6;372;36;68;51.2;19;1011;102.8;35;46;40;84;45.1;55.3;49;1278;51.3;87
2026-07-22;03:43:09.140;64;41.026100;28.990500;95;47.5;11.7;246;33;68;48.4;6.4;1764;103.3;44;28;30;83;45.0;59.6;7.4;1573;51.4;76
2026-07-22;03:43:10.204;47;41.025100;28.989500;87;42.1;14.6;607;27;50;57.5;11.8;1194;103.6;43;32;32;82;45.0;55.1;25.6;2233;51.5;53
2026-07-22;03:43:11.598;77;41.024100;28.988500;71;36.5;18;560;30;64;41.1;21.6;1637;103.8;32;45;38;82;45.1;30.1;40.3;2464;51.7;74
2026-07-22;03:43:12.488;87;41.023100;28.987500;64;43;9.3;764;27;57;50.2;16.4;1986;104.3;29;28;35;82;45.1;50.8;30.7;541;51.8;89
2026-07-22;03:43:13.373;79;41.022100;28.986500;65;42.2;12.1;387;36;65;45.3;22.9;965;104.8;38;38;46;83;44.8;47.4;17.5;1531;51.9;52
2026-07-22;03:43:14.263;77;41.021100;28.985500;97;32.5;8.3;405;42;73;53.6;17;1566;105.1;25;38;30;83;45.3;39.1;17;1337;52.0;58
2026-07-22;03:43:15.143;62;41.020100;28.984500;87;48.1;23.9;634;40;57;46.4;7.1;1737;105.3;27;41;38;83;45.3;59.8;10.7;1701;52.1;78
2026-07-22;03:43:17.022;25;41.019100;28.983500;76;33.1;20.1;693;43;64;47;14.6;1398;105.5;44;40;41;82;44.8;59.4;28.9;1010;52.1;81
2026-07-22;03:43:17.342;25;41.018100;28.982500;79;49.5;6.4;466;37;61;53.5;13.9;1369;105.8;35;28;44;83;45.1;55.7;30.1;1008;52.3;29
2026-07-22;03:43:18.231;85;41.017100;28.981500;95;43.5;22.2;296;41;69;47;38.2;736;106.0;26;31;47;83;45.5;46.4;40.9;2110;52.4;43
2026-07-22;03:43:19.735;78;41.016100;28.980500;79;37.7;19.9;266;34;56;52;5;823;106.2;35;47;43;82;45.6;45.5;39.2;716;52.5;42
2026-07-22;03:43:20.625;62;41.015100;28.979500;79;39.7;21.2;408;36;66;50.2;37.1;1034;106.4;26;34;40;82;45.7;33.3;35.8;570;52.6;56
2026-07-22;03:43:21.536;49;41.016100;28.980500;74;36;5.1;781;40;59;43.9;12.4;1128;106.7;27;34;38;83;46.1;49.9;10.8;439;52.6;25
2026-07-22;03:43:22.403;65;41.017100;28.981500;60;49.9;14.4;789;42;59;46.7;21.4;711;106.9;28;32;48;82;46.3;47.2;32.7;1876;52.7;68
2026-07-22;03:43:23.286;67;41.018100;28.982500;84;46.7;9.8;272;40;53;40.7;12.3;1867;107.1;44;29;36;82;46.2;40;45.8;678;52.8;86
2026-07-22;03:43:24.175;30;41.019100;28.983500;78;46;19.6;285;31;55;54.9;28.7;1095;107.5;44;30;43;83;46.0;44.4;32.1;352;52.9;35
2026-07-22;03:43:25.673;54;41.020100;28.984500;60;42.9;8.2;685;34;59;40.5;31.5;1977;107.8;32;32;30;82;46.3;56.7;49.3;321;53.0;56
2026-07-22;03:43:26.568;84;41.021100;28.985500;77;37.7;17.8;273;32;66;42;19.4;1262;107.9;43;44;37;82;45.9;59.2;25;2427;53.0;81
2026-07-22;03:43:27.458;77;41.022100;28.986500;71;44.2;21.7;500;32;64;45.9;21.3;1810;108.0;38;35;31;83;45.8;32.2;28.2;1822;53.1;83
2026-07-22;03:43:28.338;33;41.023100;28.987500;73;47.8;20.5;696;40;70;59;32.5;1270;108.4;30;46;36;83;46.2;58.4;9.9;457;53.3;57
2026-07-22;03:43:29.225;62;41.024100;28.988500;77;38.2;6.8;445;32;69;52.6;6.6;1506;108.6;43;31;48;83;46.3;48.8;46.4;2105;53.4;66
2026-07-22;03:43:31.121;84;41.025100;28.989500;89;38.4;23.6;310;30;74;45.3;6.1;1032;108.9;31;47;42;83;45.9;52;30.8;1198;53.6;72
2026-07-22;03:43:31.195;53;41.026100;28.990500;78;33;15.8;474;26;50;45.1;11.3;850;109.3;32;31;41;83;45.4;52.7;10.9;1349;53.7;49
2026-07-22;03:43:32.656;69;41.025100;28.989500;82;48.6;11.8;243;30;61;52.6;32.4;1398;109.6;37;43;34;84;45.0;45.2;21.5;2200;53.7;80
2026-07-22;03:43:33.546;30;41.024100;28.988500;77;37.4;8.8;588;29;70;58.9;25.6;745;109.9;39;45;35;83;44.8;39;23.8;1363;53.9;33
2026-07-22;03:43:34.439;80;41.023100;28.987500;73;31.1;12.8;509;33;72;56;29.2;1655;110.1;44;36;40;83;44.5;30.9;24.9;1599;54.1;31
2026-07-22;03:43:35.374;63;41.022100;28.986500;64;48.8;7.3;697;42;65;51.7;38.8;1352;110.4;31;45;42;83;44.1;58.8;37.9;1249;54.2;80
2026-07-22;03:43:36.252;76;41.021100;28.985500;84;40.3;18.9;799;32;64;50.4;39.9;1129;110.8;44;39;35;83;44.1;32.3;31.6;1650;54.3;88
2026-07-22;03:43:38.136;73;41.020100;28.984500;86;32;23.3;414;30;63;55.7;11;1286;111.0;31;29;33;83;43.8;31.5;28.5;875;54.4;85
2026-07-22;03:43:38.212;53;41.019100;28.983500;82;31.9;21.5;318;32;70;46.8;18.5;1175;111.2;28;35;34;83;43.4;59.3;24;1324;54.5;81
2026-07-22;03:43:39.668;55;41.018100;28.982500;63;35.2;11.5;297;27;68;53.5;10.4;637;111.3;34;47;34;83;43.2;42.2;47.7;2249;54.7;59
2026-07-22;03:43:40.562;32;41.017100;28.981500;88;38.5;22.9;655;36;52;50.8;8.7;597;111.7;25;41;39;82;42.7;48.4;34.5;1459;54.8;52
2026-07-22;03:43:41.412;80;41.016100;28.980500;69;30;19.8;788;42;55;54.6;36.3;1769;112.2;29;29;39;82;42.8;56;36.9;476;54.9;23
2026-07-22;03:43:42.295;46;41.015100;28.979500;60;40;17.1;388;29;65;48.5;30.7;1802;112.7;38;34;47;83;42.7;57.7;46.4;2406;54.9;52
2026-07-22;03:43:43.570;60;41.016100;28.980500;76;38.4;5.3;599;40;68;59.6;38.1;1643;112.8;26;34;47;82;42.9;45.8;35.8;1842;55.0;59
2026-07-22;03:43:44.295;87;41.017100;28.981500;89;36;9.2;268;43;59;56;39.6;833;112.9;31;38;35;81;42.6;49.6;13;1895;55.2;50
2026-07-22;03:43:46.178;52;41.018100;28.982500;63;42.3;18;336;40;71;41;28.3;1191;113.2;38;41;39;80;42.9;56.1;42.4;2288;55.3;43
2026-07-22;03:43:46.384;48;41.019100;28.983500;81;39.2;21.1;685;39;65;46;9.4;972;113.6;25;39;32;81;43.0;45.9;46.4;393;55.4;77
2026-07-22;03:43:47.600;75;41.020100;28.984500;86;38.8;17.2;258;40;61;45.2;37.8;778;114.0;25;46;45;82;42.7;35.7;33.1;380;55.5;84
2026-07-22;03:43:48.501;29;41.021100;28.985500;72;32.2;10.4;375;32;70;53;27;1189;114.3;40;28;42;82;42.8;43.9;36.1;1689;55.6;38
2026-07-22;03:43:49.344;69;41.022100;28.986500;88;39.1;13;261;40;57;49.6;24.1;927;114.8;31;45;40;82;43.1;37.1;31.1;1382;55.8;82
2026-07-22;03:43:50.226;34;41.023100;28.987500;97;49.8;22.9;359;44;53;55.1;27.3;661;114.9;26;35;47;82;43.4;55.3;24.9;719;56.0;24
2026-07-22;03:43:52.108;36;41.024100;28.988500;77;46.8;20.8;557;26;60;49.3;20.9;1735;115.3;27;29;36;82;43.2;48.8;27.3;1786;56.1;23
2026-07-22;03:43:52.427;79;41.025100;28.989500;71;30.5;13;745;41;59;52.4;19.5;1856;115.6;31;34;43;82;42.8;36.4;15.6;1142;56.3;49
2026-07-22;03:43:53.318;82;41.026100;28.990500;89;36;7;242;34;64;42.3;9.4;1753;116.1;25;43;46;82;42.4;38.6;33.2;981;56.4;86
2026-07-22;03:43:54.739;78;41.025100;28.989500;73;44.9;22.8;605;43;51;43.8;25.8;661;116.5;36;38;33;82;42.7;31.6;41.4;2118;56.6;22
2026-07-22;03:43:56.135;88;41.024100;28.988500;70;45.8;5.3;210;25;68;50.2;12.4;735;116.8;43;36;46;82;42.8;43.5;24.8;2413;56.7;66
2026-07-22;03:43:56.459;39;41.023100;28.987500;90;32.6;6;297;30;73;47.5;8;1210;117.3;42;41;35;82;42.9;51.4;24.3;2235;56.8;40
2026-07-22;03:43:57.872;74;41.022100;28.986500;83;41.7;10.1;370;37;53;53.5;35.9;1368;117.5;38;38;35;82;43.2;41.2;13.7;1328;57.0;41
2026-07-22;03:43:58.329;59;41.021100;28.985500;97;45.9;7;328;29;56;47.1;39.9;1637;117.9;39;36;39;83;43.1;59.7;44.8;666;57.1;78
2026-07-22;03:43:59.758;51;41.020100;28.984500;82;37.1;7.2;380;41;72;42.3;17;1237;118.3;35;46;38;82;42.9;39.6;33.6;2228;57.2;84
2026-07-22;03:44:00.647;37;41.019100;28.983500;61;48;21.6;683;42;61;58.8;32.1;1226;118.7;29;30;38;82;43.2;36.8;22.1;2206;57.4;43
2026-07-22;03:44:01.530;83;41.018100;28.982500;80;43.2;16.9;604;30;50;53.5;27.4;1541;118.8;44;37;37;82;42.9;56.7;42.6;912;57.5;34
2026-07-22;03:44:02.414;49;41.017100;28.981500;76;33.5;18.3;503;26;70;56.6;20.9;1633;119.3;43;38;32;82;42.5;52.8;5.9;431;57.6;73
2026-07-22;03:44:03.502;63;41.016100;28.980500;76;40.3;20;617;33;74;59.7;23.2;1851;119.5;44;28;49;83;42.1;31.8;32.8;403;57.7;33
2026-07-22;03:44:04.415;43;41.015100;28.979500;85;37.2;17.2;219;40;63;44.1;37;1520;119.7;28;29;45;82;42.5;47.2;48.5;1655;57.8;72
2026-07-22;03:44:05.313;49;41.016100;28.980500;80;38.5;8.4;439;39;63;46.3;19.9;1128;120.1;33;45;39;82;42.0;59.2;32.1;2490;57.9;50
2026-07-22;03:44:07.186;49;41.017100;28.981500;68;39.4;15.2;479;41;58;59.5;35;1298;120.4;43;42;41;82;42.5;47.2;47.3;1956;58.0;22
2026-07-22;03:44:07.262;46;41.018100;28.982500;96;42.4;24;486;31;50;40.1;39.4;838;120.6;36;43;37;82;42.0;30.9;36.8;1821;58.1;59
2026-07-22;03:44:08.282;49;41.019100;28.983500;86;32.8;6.1;400;41;72;48.7;30.1;1581;121.0;31;28;36;82;41.8;57.1;17.3;2275;58.2;60
2026-07-22;03:44:09.688;31;41.020100;28.984500;95;45.5;9.8;774;25;59;54.1;21;1012;121.2;28;47;48;82;41.3;30.5;40.4;309;58.2;59
2026-07-22;03:44:10.933;69;41.021100;28.985500;87;46.6;15.9;292;41;59;54.8;16.4;1464;121.5;35;35;35;83;41.2;52.2;12.6;1089;58.3;49
2026-07-22;03:44:11.833;58;41.022100;28.986500;74;33.9;12.6;327;39;68;52.1;22.2;1861;121.7;32;36;35;83;40.8;39.6;36.4;531;58.5;68
2026-07-22;03:44:12.649;53;41.023100;28.987500;65;50;12.3;685;44;66;48.3;38.1;1009;122.2;28;40;36;82;40.6;35.1;46.8;2461;58.7;43
2026-07-22;03:44:13.547;64;41.024100;28.988500;89;30.7;7;400;30;63;47.6;29.7;1781;122.5;40;37;44;83;40.1;49.3;19;468;58.8;48
2026-07-22;03:44:14.383;54;41.025100;28.989500;85;49.8;21.6;402;32;50;56.1;22.9;1623;122.8;25;42;45;82;40.6;51.5;37.7;340;58.9;84
2026-07-22;03:44:15.267;55;41.026100;28.990500;93;40.9;24.1;499;38;61;45.9;35.1;1603;123.3;28;32;44;82;40.6;59.8;7.6;867;59.1;41
2026-07-22;03:44:17.372;31;41.025100;28.989500;66;36.5;14.3;361;41;73;56.1;31.8;1649;123.6;25;40;32;83;40.6;58.7;31.9;664;59.2;32
2026-07-22;03:44:17.446;89;41.024100;28.988500;62;30.7;10.4;773;38;71;58.2;12.3;1374;124.0;41;40;30;82;40.9;31.8;9.9;2168;59.3;28
2026-07-22;03:44:18.438;46;41.023100;28.987500;83;33.2;22;658;36;74;40.8;6.8;1719;124.2;35;31;32;83;40.8;43.3;32.3;1435;59.5;89
2026-07-22;03:44:19.331;87;41.022100;28.986500;92;47.4;9.3;206;38;64;49.7;22.7;1558;124.5;35;33;48;82;41.0;34.5;18.6;1490;59.6;65
2026-07-22;03:44:21.256;67;41.021100;28.985500;94;38.1;12.6;483;29;71;57.9;30;1858;124.7;43;42;46;82;40.9;41.5;20.3;1980;59.8;81
2026-07-22;03:44:21.334;58;41.020100;28.984500;94;33.5;6.3;409;25;52;55.4;19.8;635;125.0;39;47;47;83;41.4;49.3;5;1455;59.9;84
2026-07-22;03:44:22.321;53;41.019100;28.983500;81;41.3;5.4;458;42;72;44.6;26.6;1734;125.3;41;31;48;82;41.1;58.2;48.9;2438;60.1;76
2026-07-22;03:44:23.807;70;41.018100;28.982500;84;40.8;17.2;551;31;68;47.9;26.3;902;125.8;39;43;37;83;41.5;58.6;10.8;2153;60.2;66
2026-07-22;03:44:25.239;71;41.017100;28.981500;94;37.7;23;514;26;52;40.8;10.4;1946;126.2;39;33;34;83;41.9;36.2;23.7;1662;60.3;89
2026-07-22;03:44:25.333;45;41.016100;28.980500;63;32.2;21.2;698;39;57;55.1;16.2;961;126.7;37;40;48;82;42.4;58.6;42.8;874;60.4;41
2026-07-22;03:44:26.811;37;41.015100;28.979500;65;31.8;11.6;420;41;65;56;6.2;632;127.0;36;33;42;82;42.6;57.6;29.6;997;60.5;68
2026-07-22;03:44:28.278;66;41.016100;28.980500;60;48.8;13.3;455;43;66;55;36.4;600;127.4;40;37;33;82;42.1;53.8;41.5;2279;60.6;75
2026-07-22;03:44:28.349;43;41.017100;28.981500;64;49.1;19.7;595;40;59;53.6;26.5;1231;127.5;34;41;35;82;41.7;52.6;20.5;1180;60.7;35
2026-07-22;03:44:29.331;65;41.018100;28.982500;84;38;13.5;272;41;59;53.2;30.7;591;127.7;37;34;30;83;42.0;49.4;45.1;2124;60.9;73
2026-07-22;03:44:31.219;45;41.019100;28.983500;74;42.6;8;788;37;59;47.7;18.6;1976;127.9;30;38;43;82;41.7;33.2;43.6;400;61.0;46
2026-07-22;03:44:31.741;32;41.020100;28.984500;84;45;20.7;717;34;60;41.4;33.6;523;128.1;31;33;39;81;41.9;57;7.7;598;61.1;58
2026-07-22;03:44:32.449;23;41.021100;28.985500;82;37.8;11.8;477;38;62;47.3;35.5;1547;128.3;39;32;43;80;41.9;33.7;25.9;1450;61.3;58
2026-07-22;03:44:33.366;23;41.022100;28.986500;76;33.1;22.3;628;42;70;41.1;38.2;1013;128.5;43;37;40;80;42.1;51.6;14.1;583;61.3;47
2026-07-22;03:44:34.912;74;41.023100;28.987500;89;40.2;15.1;336;30;72;55.6;21;1310;128.8;34;28;33;81;42.2;50.9;44.2;1754;61.5;49
2026-07-22;03:44:35.801;63;41.024100;28.988500;66;38.2;15.7;223;41;50;51.9;35.3;1931;129.0;40;29;37;81;42.2;51.8;46.1;902;61.6;39
2026-07-22;03:44:36.689;36;41.025100;28.989500;60;48.8;23.1;616;36;63;51.3;37.4;1803;129.4;39;44;33;82;42.3;36.8;40.4;407;61.6;43
2026-07-22;03:44:37.579;28;41.026100;28.990500;92;36.4;10.8;610;34;55;56.1;18.1;955;129.8;41;37;31;81;42.1;45.1;45.2;1196;61.7;69
2026-07-22;03:44:38.527;83;41.025100;28.989500;96;47;23.3;200;28;58;41.2;5.9;1440;130.0;30;34;42;82;42.6;41.4;36.4;2241;61.8;44
2026-07-22;03:44:39.690;42;41.024100;28.988500;91;41.8;6.9;693;44;52;40.5;14.9;1943;130.5;43;29;40;82;42.1;43.4;5.8;1767;62.0;50
2026-07-22;03:44:41.113;76;41.023100;28.987500;64;32.6;17.9;371;31;52;43.2;24.1;1135;130.7;42;45;49;82;42.2;43.9;8.8;1113;62.0;85
2026-07-22;03:44:41.686;23;41.022100;28.986500;87;32.9;12.9;677;38;65;48.4;32;1702;131.0;41;37;40;82;41.8;56.7;27.6;739;62.2;72
2026-07-22;03:44:42.440;49;41.021100;28.985500;80;44.9;14.9;233;34;54;47;9.7;1156;131.3;26;28;35;83;41.4;33.4;44.1;598;62.4;35
2026-07-22;03:44:44.163;68;41.020100;28.984500;82;34;5.9;262;34;59;58.6;30.8;1669;131.6;28;42;33;83;41.6;58.4;43.7;485;62.5;28
2026-07-22;03:44:44.639;86;41.019100;28.983500;92;37.1;10.5;295;26;66;53.8;30.5;858;131.9;44;33;42;84;41.3;50.3;6.7;1922;62.7;85
2026-07-22;03:44:45.451;63;41.018100;28.982500;81;45.4;18.8;315;44;60;58.2;21.9;1724;132.3;44;41;40;83;41.0;37.3;8.5;2106;62.7;82
2026-07-22;03:44:47.363;26;41.017100;28.981500;99;31.9;14.1;227;42;56;50.6;5.8;766;132.5;41;29;38;82;40.9;46.6;21.1;819;62.9;45
2026-07-22;03:44:47.437;70;41.016100;28.980500;76;34.5;5.6;789;25;57;54.3;33.7;1281;132.6;32;43;33;81;40.5;49;44;1974;63.0;36
2026-07-22;03:44:48.400;27;41.015100;28.979500;81;30.4;11.2;221;25;66;45.5;16.6;766;132.8;37;39;37;80;40.4;53.7;38.9;1790;63.1;81
2026-07-22;03:44:49.858;60;41.016100;28.980500;98;47;23.8;257;28;65;40.2;21.4;1713;133.2;41;31;33;80;40.1;38.5;48.8;644;63.2;63
2026-07-22;03:44:50.751;27;41.017100;28.981500;95;43.1;12.7;383;28;56;56.7;14.9;523;133.4;30;39;44;80;40.3;49;14.7;1334;63.3;61
2026-07-22;03:44:51.648;46;41.018100;28.982500;98;49.3;9.8;304;31;72;46.7;38.6;1055;133.7;33;38;32;79;40.3;34.1;11.1;2356;63.4;42
2026-07-22;03:44:52.544;80;41.019100;28.983500;65;41.6;21.7;315;31;70;54.8;8.4;732;134.2;40;47;32;79;40.2;56.1;7.8;434;63.5;65
2026-07-22;03:44:53.425;25;41.020100;28.984500;73;34.8;7.1;777;26;62;50.1;29.3;1358;134.4;39;39;45;79;39.9;59.4;19.8;448;63.7;60
2026-07-22;03:44:55.307;75;41.021100;28.985500;77;34.9;14.7;770;25;50;42.1;33.4;907;134.5;34;38;30;79;39.8;43.6;37.8;1570;63.7;79
2026-07-22;03:44:55.414;50;41.022100;28.986500;69;43.9;12.3;657;28;50;49.9;5.1;1191;134.8;28;30;36;80;40.0;32.4;9.2;795;63.8;89
2026-07-22;03:44:56.825;84;41.023100;28.987500;93;47.7;11.2;637;36;60;53.9;12.4;1013;135.0;37;28;48;80;40.0;34.6;15.6;1153;64.0;73
2026-07-22;03:44:57.730;46;41.024100;28.988500;93;34.7;24.4;655;33;71;55.2;26;714;135.4;30;36;42;81;40.4;56.7;17.3;1733;64.1;60
2026-07-22;03:44:58.475;83;41.025100;28.989500;65;44.3;8.9;763;31;66;51;19.8;684;135.8;36;42;32;80;40.3;47.5;17;517;64.3;34
2026-07-22;03:45:00.109;43;41.026100;28.990500;65;48.5;15.4;655;27;56;59.4;10.4;1841;135.9;35;47;45;81;40.3;34;22.4;1143;64.5;27
2026-07-22;03:45:00.434;26;41.025100;28.989500;97;40.7;21.5;390;42;58;44.5;19.4;1459;136.0;40;40;40;82;40.8;34;49.1;2152;64.5;59
2026-07-22;03:45:01.982;58;41.024100;28.988500;97;46.2;18.8;581;29;68;43.6;37;1884;136.4;44;45;36;82;40.5;44.4;39.1;1680;64.6;53
2026-07-22;03:45:02.890;51;41.023100;28.987500;62;44.9;10.9;662;42;58;50.7;21;1002;136.7;31;43;42;83;40.5;58.4;37.8;472;64.8;81
2026-07-22;03:45:04.002;78;41.022100;28.986500;76;44.4;6.4;381;34;55;42.6;32.5;1446;136.8;40;46;35;82;40.5;58.7;28.9;1771;64.9;87
2026-07-22;03:45:04.700;48;41.021100;28.985500;80;41.7;20.5;575;35;52;51.1;25.1;1584;137.0;30;36;40;81;40.5;49.4;27;879;65.1;85
2026-07-22;03:45:05.600;74;41.020100;28.984500;90;49.3;20.9;213;30;52;46.4;12.5;1688;137.4;25;35;33;82;40.4;48.2;13.1;2097;65.3;46
2026-07-22;03:45:06.476;24;41.019100;28.983500;75;44.1;13.7;371;34;72;46.8;38;1517;137.9;30;46;43;82;40.1;52.5;15;340;65.4;21
2026-07-22;03:45:08.065;64;41.018100;28.982500;91;30.4;19.3;354;43;64;57.5;7.4;1529;138.2;30;40;48;82;39.7;30;33.6;524;65.5;47
2026-07-22;03:45:08.385;55;41.017100;28.981500;89;40.8;12.7;685;32;69;50;20.4;1217;138.5;44;41;47;83;39.3;32.9;16.7;1002;65.6;36
2026-07-22;03:45:10.270;71;41.016100;28.980500;83;38.5;8.3;353;39;70;55.3;35.2;1502;138.9;40;46;43;83;39.2;50.2;20.2;2291;65.7;75
2026-07-22;03:45:10.588;79;41.015100;28.979500;94;44.3;15.4;605;44;53;47.3;16.6;899;139.1;42;39;47;83;39.3;38.6;8.9;1597;65.8;35
2026-07-22;03:45:11.497;28;41.016100;28.980500;88;47.1;14.7;771;32;57;41.2;36.8;1749;139.5;25;40;36;83;39.6;44.7;19.2;2025;66.0;69
2026-07-22;03:45:13.376;73;41.017100;28.981500;86;35.3;16.6;264;26;60;46.1;14.2;656;139.6;44;47;37;83;39.8;57.9;34.3;2426;66.0;64
2026-07-22;03:45:13.451;63;41.018100;28.982500;93;33.5;13.6;718;32;60;49;31;1639;139.8;36;35;40;84;40.2;35.4;8.7;555;66.2;59
2026-07-22;03:45:14.569;86;41.019100;28.983500;79;37.9;9.3;309;36;60;42.4;22.7;1507;140.2;32;32;34;84;40.6;40.7;8.9;1736;66.2;49
2026-07-22;03:45:15.466;64;41.020100;28.984500;62;47.2;24.4;536;31;56;42.5;7.2;1396;140.5;27;28;49;84;40.3;37;11.4;1979;66.4;53
2026-07-22;03:45:17.347;29;41.021100;28.985500;63;44.8;10.6;513;44;57;55.8;8.3;947;140.9;33;32;41;83;40.7;43.2;24;1946;66.5;30
2026-07-22;03:45:17.427;87;41.022100;28.986500;84;33.5;7.7;316;32;53;47.8;22.5;1457;141.3;25;34;46;84;41.0;55.3;28;1482;66.6;67
2026-07-22;03:45:18.880;88;41.023100;28.987500;76;37.8;10.4;414;28;73;48;26.3;1505;141.6;36;45;43;84;41.0;55.7;15.8;2004;66.6;46
2026-07-22;03:45:19.774;72;41.024100;28.988500;65;42.6;11.6;374;33;54;57.8;8;1183;142.1;40;30;46;85;40.8;44;8;1369;66.8;50
2026-07-22;03:45:20.665;25;41.025100;28.989500;87;33.9;22.8;435;28;60;48.7;10.8;569;142.5;39;41;42;84;41.0;46.3;26.8;2104;67.0;87
2026-07-22;03:45:21.557;26;41.026100;28.990500;80;30.2;24.6;268;40;51;50.8;31.7;1059;142.9;42;30;34;83;41.4;54.8;40.7;2154;67.1;26
2026-07-22;03:45:22.445;67;41.025100;28.989500;71;39.7;23.6;624;36;61;48.7;25.1;1937;143.3;37;31;48;83;41.4;30.2;46.6;1602;67.3;45
2026-07-22;03:45:23.912;21;41.024100;28.988500;85;37.1;21.7;447;42;74;59.9;10.4;1853;143.5;25;34;43;83;41.0;56.7;35.4;1505;67.4;83
2026-07-22;03:45:24.789;57;41.023100;28.987500;81;31.9;15.2;773;31;65;52;13.8;1437;144.0;38;44;35;83;41.1;44.9;8.3;631;67.5;45
2026-07-22;03:45:25.673;48;41.022100;28.986500;93;42.2;14;489;41;59;47.9;12.7;1056;144.3;35;47;38;83;41.6;32.5;32;1776;67.7;78
2026-07-22;03:45:26.667;64;41.021100;28.985500;70;33.5;23.6;344;25;60;52.6;10.5;1732;144.4;42;31;37;83;42.0;51.9;32;1609;67.9;71
2026-07-22;03:45:27.635;89;41.020100;28.984500;89;33.4;12.6;395;32;54;57.6;25.3;1704;144.5;27;40;49;82;42.2;35.1;7.6;555;67.9;80
2026-07-22;03:45:28.517;72;41.019100;28.983500;67;48.1;17.1;233;31;73;44.5;32.6;1234;145.0;37;40;40;82;42.0;48.7;32.8;527;68.0;22
2026-07-22;03:45:30.397;77;41.018100;28.982500;74;39.2;21.3;573;40;68;51.6;25.6;1529;145.5;28;36;46;82;41.9;31.5;13.7;1468;68.0;87
2026-07-22;03:45:30.473;56;41.017100;28.981500;72;46.9;20.8;596;37;66;49.1;26;1823;145.9;37;38;41;81;41.5;48.2;24;1499;68.2;66
2026-07-22;03:45:31.457;20;41.016100;28.980500;76;46.3;21.5;600;31;50;40.4;32.6;979;146.3;29;41;32;80;41.4;35.9;13.6;1225;68.3;89
2026-07-22;03:45:32.882;80;41.015100;28.979500;93;31.6;17.5;273;40;57;59.5;36.2;1871;146.7;36;29;39;81;41.5;32.2;25.1;831;68.4;34
2026-07-22;03:45:33.772;69;41.016100;28.980500;90;34.9;8.2;792;38;58;59.6;13.9;1436;147.0;35;37;40;81;41.5;51.5;33.9;1766;68.5;29
2026-07-22;03:45:34.634;44;41.017100;28.981500;98;39.3;23;450;26;56;42.7;18.3;1220;147.4;43;42;46;81;41.2;48.5;33.2;356;68.6;37
2026-07-22;03:45:35.512;44;41.018100;28.982500;99;31;22.2;529;34;57;52;23.3;1470;147.6;39;36;35;81;40.8;35.2;39;1790;68.7;33
2026-07-22;03:45:37.391;54;41.019100;28.983500;99;46.7;15.5;697;43;63;49.1;36.3;1847;148.0;29;31;48;81;40.9;59.3;31.6;444;68.9;47
2026-07-22;03:45:37.481;54;41.020100;28.984500;95;33.3;14.5;303;27;65;47.9;10.4;533;148.3;40;41;49;80;40.9;40.3;17;1566;69.0;49
2026-07-22;03:45:39.054;56;41.021100;28.985500;77;32.9;19.9;323;44;71;58;28.3;1386;148.7;32;40;35;80;40.9;44.6;41.1;887;69.1;26
2026-07-22;03:45:40.007;40;41.022100;28.986500;82;44.9;23.9;250;32;70;46.2;9.7;966;148.8;26;32;35;80;41.1;55.8;17.3;2003;69.2;51
2026-07-22;03:45:40.544;23;41.023100;28.987500;71;40.4;12.5;526;41;56;42.3;14.3;519;149.0;31;40;38;80;41.4;40.9;30.7;1003;69.3;40
2026-07-22;03:45:42.354;35;41.024100;28.988500;84;43.1;21.6;227;43;67;49;23.5;1223;149.4;35;45;38;80;41.4;35.5;29.8;1501;69.4;42
2026-07-22;03:45:42.674;81;41.025100;28.989500;85;33.9;22.6;424;39;72;58.9;15.8;504;149.7;35;40;48;80;41.2;45.5;28.1;1899;69.5;32
2026-07-22;03:45:43.563;62;41.026100;28.990500;76;39.4;24.3;229;25;65;55.5;19.6;736;149.8;38;28;32;81;40.8;53;30.9;489;69.6;72
2026-07-22;03:45:44.457;74;41.025100;28.989500;72;33.3;24.2;770;40;65;49.5;8.1;1727;150.1;34;30;49;82;41.2;35.2;39.7;1585;69.8;69
2026-07-22;03:45:46.148;45;41.024100;28.988500;76;46.5;20.4;743;42;57;44.2;33;693;150.4;43;39;36;82;40.8;45.1;33.9;1083;69.9;48
2026-07-22;03:45:46.466;87;41.023100;28.987500;94;39.1;14.2;371;41;67;53.9;27;1672;150.8;41;33;38;82;40.5;39.6;32.5;979;70.0;52
2026-07-22;03:45:47.515;68;41.022100;28.986500;85;48.7;5.3;566;27;57;41.1;11.5;800;151.0;32;36;48;83;40.0;38;42.3;2155;70.1;71
2026-07-22;03:45:49.399;68;41.021100;28.985500;83;42.5;8.8;561;30;59;57.8;29.6;1364;151.2;35;41;43;84;40.1;59.8;44.8;2379;70.3;51
2026-07-22;03:45:49.477;24;41.020100;28.984500;68;36.7;15.1;573;34;53;50.9;15.9;1153;151.3;33;47;46;83;39.7;54.1;35.3;2350;70.4;82
2026-07-22;03:45:51.251;52;41.019100;28.983500;89;48.4;19.9;725;35;57;41.1;16.8;1755;151.6;25;47;40;83;39.3;41.5;46.2;1226;70.6;39
2026-07-22;03:45:51.572;68;41.018100;28.982500;86;32.9;14.5;350;43;70;50.4;29.6;1328;151.9;29;44;39;82;39.8;53.7;15.6;2164;70.7;59
2026-07-22;03:45:52.953;27;41.017100;28.981500;70;39.8;6.2;745;34;56;50.6;23.7;1962;152.2;31;38;37;82;39.5;48.3;47.6;504;70.8;85
2026-07-22;03:45:54.349;29;41.016100;28.980500;75;38.6;8.3;358;44;68;56.4;36;759;152.3;34;32;30;83;39.3;46.1;22.3;2467;70.9;48
2026-07-22;03:45:54.669;66;41.015100;28.979500;73;44.4;21.1;719;40;53;50.7;37.5;1358;152.5;34;39;40;83;38.8;37.1;26.8;1721;71.0;33
2026-07-22;03:45:55.566;52;41.016100;28.980500;96;48.3;17.3;541;39;62;41.8;38.4;1643;153.0;29;33;42;83;38.8;48.5;38.5;1448;71.2;44
2026-07-22;03:45:57.430;39;41.017100;28.981500;99;34.6;12.7;392;43;63;43.1;31.5;1701;153.1;42;34;34;82;38.9;57.2;29.2;578;71.4;87
2026-07-22;03:45:57.503;67;41.018100;28.982500;83;41.2;24.9;638;31;73;44.1;39.2;940;153.6;39;31;35;83;38.7;54.6;32.8;2218;71.5;48
2026-07-22;03:45:59.286;44;41.019100;28.983500;97;45.8;10.6;248;28;54;57.6;39.6;1575;153.8;44;36;48;83;38.4;48.4;13.9;2330;71.6;48
2026-07-22;03:45:59.605;24;41.020100;28.984500;85;42.3;6.8;411;32;72;47.7;19.4;588;153.9;43;42;43;83;38.8;42;23.5;1102;71.7;67
2026-07-22;03:46:00.495;59;41.021100;28.985500;62;31.5;24.1;437;30;72;51.6;7.5;1278;154.0;42;40;38;84;38.5;40.6;48.5;1738;71.8;46
2026-07-22;03:46:01.974;67;41.022100;28.986500;72;38.3;14.3;592;42;67;47.1;17.5;901;154.3;32;47;49;84;38.3;47.9;24.9;1740;72.0;62
2026-07-22;03:46:02.869;86;41.023100;28.987500;82;32.9;17;522;26;59;41.5;31.8;672;154.7;38;41;39;84;38.7;47.1;48.5;2375;72.1;29
2026-07-22;03:46:04.351;63;41.024100;28.988500;74;48.9;19.3;778;32;71;57.3;6.7;1828;155.0;26;40;43;83;38.2;44.2;28.9;2369;72.1;61
2026-07-22;03:46:04.673;84;41.025100;28.989500;65;41.7;9.2;270;36;51;53.4;17.7;1042;155.3;28;43;39;83;38.6;54.9;31.4;461;72.3;25
2026-07-22;03:46:05.584;47;41.026100;28.990500;78;36.3;14.6;307;31;67;54.8;24.8;1910;155.6;38;34;45;82;38.5;56;5.7;2112;72.4;51
2026-07-22;03:46:07.063;42;41.025100;28.989500;84;37;20.4;549;38;57;41.8;7.9;1877;155.9;37;47;47;82;38.2;39.4;41.2;463;72.5;65
2026-07-22;03:46:07.960;73;41.024100;28.988500;90;36.8;17.2;353;41;63;40.4;32.3;1772;156.2;30;39;32;82;38.4;46.6;44.7;584;72.7;37
2026-07-22;03:46:08.700;49;41.023100;28.987500;72;36;5.2;516;42;62;46.2;9.7;1278;156.4;42;43;31;82;38.9;51;40.7;315;72.7;69
2026-07-22;03:46:09.559;80;41.022100;28.986500;66;43.3;19;230;35;57;58.5;19.5;1114;156.7;32;40;41;81;39.0;47.6;25.3;429;72.9;66
2026-07-22;03:46:11.439;50;41.021100;28.985500;61;43.4;21.9;425;34;58;40.3;33.6;857;157.1;26;45;40;81;38.9;30.9;39.9;321;73.1;78
2026-07-22;03:46:11.519;33;41.020100;28.984500;74;32.8;11;231;27;53;48.9;17.6;1079;157.3;41;32;41;82;38.7;42;27.8;1316;73.2;20
2026-07-22;03:46:12.960;22;41.019100;28.983500;79;32;11.9;783;31;60;47.4;38.7;779;157.5;44;47;40;81;38.6;54.6;9.2;2138;73.3;22
2026-07-22;03:46:13.639;59;41.018100;28.982500;93;39.2;7.1;557;33;60;50.3;10.3;600;158.0;26;38;40;82;38.2;30.3;48.1;2285;73.4;51
2026-07-22;03:46:19.557;22;41.017100;28.981500;75;32.1;5.6;719;41;63;52.1;25.9;1935;158.3;37;32;34;81;38.4;55.7;30.3;2061;73.5;20
2026-07-22;03:46:19.557;41;41.016100;28.980500;84;34.4;16.5;790;26;61;54.5;27.4;586;158.6;38;37;41;80;38.2;37.6;32.2;952;73.5;60
2026-07-22;03:46:19.558;67;41.015100;28.979500;71;39.2;6.3;758;31;64;49.1;6.5;855;159.0;39;43;39;80;38.6;40.7;47.5;1217;73.7;83
2026-07-22;03:46:19.558;83;41.016100;28.980500;90;32.9;14.8;445;29;50;41.4;15.8;1013;159.3;34;45;30;79;38.9;37.4;17.3;1683;73.7;38
2026-07-22;03:46:19.565;82;41.017100;28.981500;87;34.9;7.7;369;27;73;53.3;28.2;1095;159.4;25;39;34;78;38.8;58.4;6.7;612;73.8;21
2026-07-22;03:46:19.728;23;41.018100;28.982500;76;45.4;19.2;267;31;60;50.2;17.8;1864;159.6;37;29;40;78;39.2;54.2;31.5;444;73.9;22
2026-07-22;03:46:21.003;61;41.019100;28.983500;92;41.6;22.9;528;40;69;45.3;37.7;1365;160.1;39;32;47;77;39.2;34.2;13.8;1305;74.0;50
2026-07-22;03:46:22.407;77;41.020100;28.984500;89;41.9;19.7;513;25;55;58.7;29.4;1982;160.5;44;33;37;78;39.5;42.5;46;1819;74.1;72
2026-07-22;03:46:22.726;37;41.021100;28.985500;78;30.7;7.9;392;33;50;53.5;39.3;1034;160.7;32;45;39;79;39.7;47.7;31.9;889;74.2;29
2026-07-22;03:46:23.616;66;41.022100;28.986500;66;30.2;6.4;264;37;70;43.1;12;1376;161.0;32;39;32;79;39.9;56.2;26;2198;74.3;31
2026-07-22;03:46:25.498;72;41.023100;28.987500;87;36.7;12.3;233;33;55;40.4;30.4;666;161.1;40;32;32;79;40.1;57;27.5;1187;74.4;66
2026-07-22;03:46:25.818;36;41.024100;28.988500;61;47.9;19.4;665;40;62;52.4;5.7;1962;161.3;35;30;31;79;40.2;43;5.8;2277;74.6;81
2026-07-22;03:46:26.706;45;41.025100;28.989500;76;36.9;6;545;40;74;52.2;34.6;744;161.7;26;28;39;79;39.7;56.4;36.9;497;74.7;60
2026-07-22;03:46:27.595;75;41.026100;28.990500;65;46.9;20.6;789;39;69;53.4;38.6;1899;161.8;38;37;48;78;40.0;46.7;8.8;758;74.8;41
2026-07-22;03:46:29.019;57;41.025100;28.989500;92;46.5;10.8;546;41;55;52.5;24.3;1398;162.0;27;39;30;77;40.1;41.1;38.5;2267;74.9;45
2026-07-22;03:46:29.904;64;41.024100;28.988500;75;31.4;23;250;42;51;46.3;9.6;1336;162.3;27;29;47;78;40.1;51.7;36.6;1587;74.9;25
2026-07-22;03:46:30.791;62;41.023100;28.987500;83;46;6.5;440;27;50;40.1;29.5;1347;162.6;42;47;31;77;39.9;31.6;32.4;966;75.0;31
2026-07-22;03:46:31.675;20;41.022100;28.986500;98;43.3;21;200;32;72;41.3;8.1;1582;162.8;36;47;46;77;40.3;43.8;12;2283;75.2;83
2026-07-22;03:46:33.553;82;41.021100;28.985500;93;46.6;16.8;488;40;54;53.8;31.7;655;163.1;42;38;42;76;40.6;55.4;48.2;1686;75.3;85
2026-07-22;03:46:33.634;55;41.020100;28.984500;95;37.6;19.3;716;31;52;47.9;21.9;1031;163.3;28;39;43;76;40.9;53.1;26.1;1547;75.5;47
2026-07-22;03:46:35.084;80;41.019100;28.983500;67;47.8;5.3;457;34;53;49.9;11.9;936;163.7;29;29;32;75;40.7;33.9;39.9;1300;75.5;54
2026-07-22;03:46:36.372;63;41.018100;28.982500;77;44.9;14;367;26;56;50.5;5.5;953;164.0;44;31;35;76;40.5;45.6;9.9;704;75.7;59
2026-07-22;03:46:36.688;86;41.017100;28.981500;91;41.1;13.8;592;33;63;44.1;29;1339;164.3;27;47;41;75;40.4;50.7;6.2;1493;75.8;60
2026-07-22;03:46:38.597;78;41.016100;28.980500;76;46.8;5.9;689;36;57;51.8;9.4;1626;164.7;31;33;47;75;40.9;50.5;21.8;2202;76.0;23
2026-07-22;03:46:38.679;72;41.015100;28.979500;91;37.3;20.6;697;40;65;50.3;12.8;731;165.0;36;33;42;74;40.6;30.7;5.1;2125;76.1;66
2026-07-22;03:46:39.651;63;41.016100;28.980500;88;34.7;21.2;798;43;60;57.4;29.3;1982;165.1;36;30;37;75;40.2;30.3;45;1561;76.2;67
2026-07-22;03:46:41.537;39;41.017100;28.981500;92;45.1;23.3;499;26;59;43.5;13.9;826;165.5;35;37;46;75;40.2;48;29.8;1310;76.2;82
2026-07-22;03:46:41.611;68;41.018100;28.982500;74;43.8;8.9;467;42;74;59;21.7;681;165.7;44;47;40;76;40.7;33.4;45.4;861;76.4;72
2026-07-22;03:46:43.126;39;41.019100;28.983500;62;31.6;7.2;214;25;59;45.7;34.1;1405;165.9;25;42;47;77;41.1;50.9;19.9;1479;76.5;86
2026-07-22;03:46:43.986;58;41.020100;28.984500;70;49.5;8.4;663;35;72;54.5;10;1552;166.1;25;40;48;77;40.7;32.4;35.5;1575;76.6;81
2026-07-22;03:46:44.869;52;41.021100;28.985500;75;38.5;21.5;733;28;68;54.7;14.5;1264;166.5;27;47;42;76;40.5;38.8;40.9;1484;76.8;28
2026-07-22;03:46:45.753;68;41.022100;28.986500;83;38.5;11.2;525;41;64;46.3;17.5;957;166.7;44;35;33;77;40.1;55.2;13.8;2003;76.9;37
2026-07-22;03:46:46.817;60;41.023100;28.987500;87;37.8;5.8;233;44;63;57.8;5.7;1719;167.1;33;47;39;78;39.8;50.2;19.9;612;77.1;63
2026-07-22;03:46:47.723;39;41.024100;28.988500;81;41.5;10.1;544;33;50;45.7;18;760;167.4;44;38;33;77;40.0;59.7;32.4;1858;77.2;61
2026-07-22;03:46:49.608;32;41.025100;28.989500;97;32.3;16.8;421;31;59;54.1;23.4;1448;167.8;28;32;38;76;39.7;42.4;18.4;1190;77.3;67
2026-07-22;03:46:49.681;83;41.026100;28.990500;96;35.2;17.5;497;37;72;48.6;19.5;1527;168.0;34;30;31;76;39.8;53.7;11.6;1947;77.4;42
2026-07-22;03:46:51.299;69;41.025100;28.989500;83;46.9;13.8;562;37;64;50.7;5.6;1670;168.2;39;32;36;76;40.2;42.4;26.1;348;77.5;78
2026-07-22;03:46:51.623;44;41.024100;28.988500;93;42.7;8.6;247;32;64;56.2;18.2;1074;168.3;25;38;48;77;40.2;41.4;29.9;2150;77.7;69
2026-07-22;03:46:53.029;21;41.023100;28.987500;83;36;8.1;597;25;73;51.9;20.4;1182;168.8;26;33;38;78;40.0;54.5;5.2;2455;77.9;87
2026-07-22;03:46:53.923;51;41.022100;28.986500;89;48;10.2;776;37;72;45.8;20.5;990;169.1;38;43;33;78;39.5;38.1;12.8;981;77.9;35
2026-07-22;03:46:54.810;36;41.021100;28.985500;77;35.8;18.7;705;26;71;53;34.6;675;169.3;32;30;43;79;39.1;46.3;21.2;1008;78.1;39
2026-07-22;03:46:55.696;83;41.020100;28.984500;83;34.4;15.9;714;33;65;42.9;30.3;1122;169.7;26;30;37;79;39.1;32.8;6;1747;78.2;86
2026-07-22;03:46:57.573;32;41.019100;28.983500;69;38.1;18.5;317;34;70;57;29.6;1407;169.8;37;44;41;80;39.0;44.9;6.6;740;78.3;27
2026-07-22;03:46:57.645;25;41.018100;28.982500;98;41.1;21.5;518;26;67;44.9;23.1;975;170.0;43;31;31;81;39.4;49.6;26.9;849;78.4;73
2026-07-22;03:46:59.121;45;41.017100;28.981500;97;32.1;23.4;440;42;65;46.6;38.6;1461;170.4;42;47;31;80;39.6;31.6;6.6;1334;78.5;81
2026-07-22;03:47:00.012;43;41.016100;28.980500;75;33.3;18.6;634;27;61;55.8;27.2;784;170.7;42;47;41;81;39.2;54.5;23.1;1560;78.7;84
2026-07-22;03:47:00.897;62;41.015100;28.979500;67;39.4;22.2;428;30;64;52;28.5;520;171.2;38;45;45;81;39.3;51.5;44.4;973;78.7;57
2026-07-22;03:47:01.783;53;41.016100;28.980500;96;45.3;8.3;618;41;68;58.4;24.9;1132;171.6;35;28;40;80;39.1;36.7;9.5;705;78.9;56
2026-07-22;03:47:02.667;47;41.017100;28.981500;82;40.2;14.9;655;38;71;43.1;23.1;1792;172.1;34;43;38;81;38.7;51.5;32.8;2172;79.0;53
2026-07-22;03:47:04.255;83;41.018100;28.982500;82;42.2;21.2;547;34;50;57.1;21.6;1956;172.4;30;35;49;80;38.8;34.5;6.5;579;79.2;57
2026-07-22;03:47:05.147;43;41.019100;28.983500;96;36.1;23.5;507;44;60;51.7;5.7;1789;172.7;30;37;49;81;39.1;53.4;11.5;891;79.2;88
2026-07-22;03:47:06.030;29;41.020100;28.984500;85;45.7;11;417;39;61;42.4;21.4;1994;173.0;32;46;33;82;39.2;42.3;45.9;1799;79.4;77
2026-07-22;03:47:06.922;62;41.021100;28.985500;73;40.7;20.6;422;37;57;40.6;30.8;1839;173.3;39;42;37;81;38.9;44.2;21.3;1734;79.5;70
2026-07-22;03:47:07.806;77;41.022100;28.986500;60;38.8;15.2;541;38;50;54;32.2;664;173.6;38;46;42;81;39.3;30.5;26.5;903;79.7;52
2026-07-22;03:47:09.616;72;41.023100;28.987500;86;47;18.1;695;35;56;54.3;9.4;1429;173.9;30;35;49;81;39.1;48.7;27.9;1518;79.8;89
2026-07-22;03:47:09.691;71;41.024100;28.988500;91;37.1;10.2;626;34;74;45.7;27.6;1577;174.1;31;37;46;81;39.4;43.8;33.5;774;80.0;44
2026-07-22;03:47:10.656;47;41.025100;28.989500;61;30;11.5;620;40;62;42.9;17.3;1084;174.4;40;43;35;82;39.0;50.8;39.9;2225;80.1;39
2026-07-22;03:47:12.050;32;41.026100;28.990500;67;31.3;5.3;550;43;56;59.5;8.3;766;174.7;31;44;37;81;39.1;35.4;5.6;1154;80.2;85
2026-07-22;03:47:12.944;87;41.025100;28.989500;89;37.1;6.2;306;44;59;57.5;24.9;1501;174.9;43;46;34;81;38.6;44.4;42.7;324;80.4;48
2026-07-22;03:47:13.901;82;41.024100;28.988500;69;34.1;15.6;234;27;72;42;6.9;631;175.1;43;42;46;81;38.2;37.7;37.1;330;80.5;20
2026-07-22;03:47:14.828;49;41.023100;28.987500;61;49.4;5.1;782;36;61;59.6;32.7;1794;175.4;25;28;44;80;37.9;51.6;27.5;1094;80.7;21
2026-07-22;03:47:15.721;25;41.022100;28.986500;96;49;6.7;706;33;54;58.8;11.8;609;175.8;31;33;43;80;38.2;39.7;24.9;597;80.7;33
2026-07-22;03:47:17.112;26;41.021100;28.985500;72;39.4;21.7;772;26;55;42.5;10.9;1823;176.0;29;33;33;81;37.7;41.9;18.7;1594;80.8;31
2026-07-22;03:47:18.002;62;41.020100;28.984500;88;33.2;14.2;302;32;63;50;31.5;1870;176.2;41;47;36;81;38.0;46.7;22.1;1619;80.9;73
2026-07-22;03:47:18.945;64;41.019100;28.983500;66;36.4;11.1;757;34;54;44.7;14.9;1544;176.7;36;36;32;82;37.6;45.2;31;748;81.1;27
2026-07-22;03:47:19.693;24;41.018100;28.982500;85;30.2;15.3;522;38;72;59.3;11.1;1513;176.9;29;29;41;81;37.6;35.4;16.9;389;81.3;71
2026-07-22;03:47:21.573;82;41.017100;28.981500;80;47.4;5.2;411;43;74;53.5;21.5;1974;177.3;26;36;48;82;38.1;54.8;48.4;689;81.4;56
2026-07-22;03:47:21.980;87;41.016100;28.980500;94;30.7;10.2;711;30;73;58.3;37.8;1339;177.6;41;45;47;81;37.7;42.6;29.1;1608;81.6;45
2026-07-22;03:47:22.816;20;41.015100;28.979500;64;33.8;7.9;439;43;56;49.5;22.3;782;177.7;40;33;49;82;38.1;39.2;24.7;880;81.8;65
2026-07-22;03:47:24.171;48;41.016100;28.980500;63;40;13.8;505;26;70;57.6;25.5;1503;177.8;30;30;42;81;38.5;45.4;42.6;718;81.9;58
2026-07-22;03:47:24.860;52;41.017100;28.981500;77;37.9;20.4;222;43;63;45.8;15.6;1212;178.3;32;40;37;80;38.3;32.4;49.7;1035;82.0;70
2026-07-22;03:47:26.171;76;41.018100;28.982500;93;30;17;365;33;68;46.8;27;1672;178.8;25;42;37;81;37.9;47.1;14.7;1042;82.1;67
2026-07-22;03:47:27.258;81;41.019100;28.983500;65;32.9;16.3;504;42;53;54.2;20.7;1369;179.1;44;38;33;82;37.4;44.9;40.6;1825;82.2;73
2026-07-22;03:47:28.133;42;41.020100;28.984500;88;39;16.9;200;29;58;42.5;10.2;809;179.4;26;29;40;82;37.7;41.5;40.5;2220;82.3;86
2026-07-22;03:47:29.524;70;41.021100;28.985500;97;41.6;14.3;695;37;69;43.8;15.9;1814;179.6;38;29;36;82;38.1;45.5;10.4;1405;82.4;84
2026-07-22;03:47:29.874;47;41.022100;28.986500;63;47.9;5.7;338;41;62;51.4;28;1648;180.0;25;45;41;82;37.7;43.7;40.2;1639;82.5;71
2026-07-22;03:47:31.280;56;41.023100;28.987500;72;33.5;5.5;436;42;62;49.8;22.6;1110;180.2;25;47;41;81;37.8;43.6;15.2;609;82.6;30
2026-07-22;03:47:32.202;40;41.024100;28.988500;68;48.7;22.6;763;40;58;52.5;16.4;1739;180.3;25;32;33;81;38.3;42.3;28.5;1230;82.8;62
2026-07-22;03:47:33.618;55;41.025100;28.989500;79;41.3;16.8;535;30;56;55.1;9.7;1862;180.7;43;45;36;81;37.9;53.8;38;435;82.8;44
2026-07-22;03:47:33.937;63;41.026100;28.990500;70;30.4;23.9;771;32;58;42.9;18.9;1074;181.0;43;44;42;82;37.8;54.6;29.9;2458;83.0;58
2026-07-22;03:47:34.832;37;41.025100;28.989500;82;36.7;18.5;781;30;50;57.2;39.2;1762;181.3;37;37;37;83;37.5;55.7;44.3;620;83.1;55
2026-07-22;03:47:35.718;66;41.024100;28.988500;93;41.2;8.6;558;33;74;50.4;6.1;1536;181.5;35;46;39;84;37.7;48.4;30.9;301;83.3;37
2026-07-22;03:47:37.594;77;41.023100;28.987500;97;39;7.4;720;25;72;51.4;7.8;1057;181.9;31;45;46;84;37.8;30.3;42.3;510;83.4;30
2026-07-22;03:47:37.912;84;41.022100;28.986500;71;40.4;8.1;707;36;56;47.6;27.3;756;182.1;41;34;33;83;38.1;58.8;16.1;1602;83.6;65
2026-07-22;03:47:39.328;52;41.021100;28.985500;83;33.5;5.2;577;34;65;58.3;37.5;1759;182.5;37;47;39;82;37.9;59;12.7;1833;83.7;84
2026-07-22;03:47:40.228;89;41.020100;28.984500;96;40.8;14.6;306;30;58;40.2;19.4;1615;182.8;40;29;35;83;37.8;30.2;22.3;2166;83.8;38
2026-07-22;03:47:41.645;62;41.019100;28.983500;63;35;22.3;447;30;60;55.3;29.9;1004;183.0;32;31;36;82;37.5;50.5;17.9;1180;84.0;30
2026-07-22;03:47:41.725;38;41.018100;28.982500;74;40.6;8;611;31;68;55.9;39.7;1766;183.3;37;39;34;83;37.2;50.3;16.6;1944;84.1;26
2026-07-22;03:47:43.182;54;41.017100;28.981500;79;45.8;8.5;498;32;59;43.7;33.8;1495;183.8;43;30;37;83;37.0;58;37.3;773;84.2;60
2026-07-22;03:47:44.072;39;41.016100;28.980500;88;44.8;18.8;372;39;66;48.9;18.1;1440;184.0;30;40;33;83;37.1;58.4;30.6;1906;84.3;44
2026-07-22;03:47:44.956;31;41.015100;28.979500;81;46.9;13.6;249;27;67;57.1;39.8;854;184.2;33;46;32;82;37.3;34.6;20.8;1558;84.4;55
2026-07-22;03:47:45.839;55;41.016100;28.980500;83;39.3;15;302;38;74;42;30.9;1787;184.6;35;33;30;81;37.0;55;37.3;1410;84.5;62
2026-07-22;03:47:46.725;50;41.017100;28.981500;89;34.1;14.3;686;43;50;42.5;19.4;1342;184.8;41;34;32;82;37.4;39.7;44.4;1607;84.6;32
2026-07-22;03:47:48.195;64;41.018100;28.982500;65;32.4;11.2;458;25;54;50.9;24.1;1398;185.2;41;30;39;82;37.1;43.4;27.9;1839;84.7;79
2026-07-22;03:47:49.063;23;41.019100;28.983500;97;34.9;11.2;717;35;70;49.3;20.3;855;185.6;40;33;45;82;37.6;52.7;18.3;1028;84.8;81
2026-07-22;03:47:50.461;39;41.020100;28.984500;98;39.4;7.8;707;41;55;59;8;1695;186.0;32;30;46;82;37.5;41.8;8.3;616;85.0;48
2026-07-22;03:47:50.780;75;41.021100;28.985500;65;44.1;20;410;25;57;51.7;27.8;1805;186.1;43;46;43;81;37.7;39.6;12.6;1999;85.0;50
2026-07-22;03:47:52.665;79;41.022100;28.986500;95;45.9;23.8;379;35;50;43.3;8.2;1275;186.6;27;41;31;81;38.2;31.8;6.2;1556;85.2;48
2026-07-22;03:47:52.739;36;41.023100;28.987500;77;45.7;11;298;41;51;41;14.6;1328;186.9;41;44;45;81;38.6;58;23.1;1736;85.3;71
2026-07-22;03:47:54.223;22;41.024100;28.988500;77;31.7;10.4;698;28;53;48.7;21.5;1473;187.4;34;38;37;81;38.7;51;47.9;2107;85.5;87
2026-07-22;03:47:55.114;74;41.025100;28.989500;72;39.3;8.6;750;29;65;46.5;30.1;606;187.7;28;42;31;80;38.2;42.3;6.5;1244;85.6;75
2026-07-22;03:47:56.000;67;41.026100;28.990500;98;46.8;6.5;676;38;74;53.3;39.8;1242;188.2;26;47;34;80;38.0;52.6;48;2071;85.8;29
2026-07-22;03:47:56.883;43;41.025100;28.989500;66;45.7;5.4;499;38;56;50.2;12.4;1665;188.7;42;39;36;80;37.5;58.3;16.7;554;85.8;88
2026-07-22;03:47:57.770;29;41.024100;28.988500;71;44.2;11.6;403;44;68;50.8;38.2;991;188.8;44;37;44;79;37.7;56;49.8;1287;85.9;35
2026-07-22;03:47:59.690;41;41.023100;28.987500;69;41.3;5.9;275;28;53;43;33.2;1989;189.0;39;44;42;79;37.5;49.2;15.5;2236;86.1;25
2026-07-22;03:47:59.768;40;41.022100;28.986500;66;34.3;8.1;322;30;64;55.4;18.6;702;189.5;38;40;47;79;37.3;53.3;7.8;574;86.3;88
2026-07-22;03:48:01.255;44;41.021100;28.985500;88;46.2;10.5;780;34;57;45.2;14;1573;189.7;28;35;34;78;37.7;49.3;26.8;2271;86.5;70
2026-07-22;03:48:02.147;27;41.020100;28.984500;75;38.2;20.3;743;38;69;56.3;37.8;1020;190.1;27;46;47;77;37.3;51.6;48.4;1334;86.6;52
2026-07-22;03:48:03.040;32;41.019100;28.983500;86;43.6;7.1;794;36;57;59.4;39.9;533;190.5;43;30;43;78;36.8;44;11.9;913;86.7;33
2026-07-22;03:48:03.955;74;41.018100;28.982500;90;30.8;9.7;349;44;58;55.8;14.9;607;190.6;38;37;31;77;36.4;33.2;17.1;2400;86.8;24
2026-07-22;03:48:04.813;37;41.017100;28.981500;94;43.9;17.5;206;30;61;57.8;10.6;555;190.7;37;29;46;78;35.9;55;40.7;310;86.9;49
2026-07-22;03:48:06.697;27;41.016100;28.980500;97;33.8;23.9;287;36;58;40.4;6.4;1977;190.8;32;41;44;78;35.9;54.4;39.7;1252;87.1;72
2026-07-22;03:48:06.775;47;41.015100;28.979500;96;48.6;13.3;692;33;65;47.6;32.7;1708;191.2;25;31;40;78;35.9;54.8;5.8;1223;87.2;81
2026-07-22;03:48:07.791;57;41.016100;28.980500;74;46.7;24;549;33;62;48.7;9.4;556;191.5;25;40;34;78;36.3;56.9;5.9;2350;87.4;47
2026-07-22;03:48:09.226;34;41.017100;28.981500;73;45.4;20.2;774;28;65;42.1;13;1880;192.0;34;42;36;78;36.0;54.7;21.6;1690;87.5;20
2026-07-22;03:48:09.824;60;41.018100;28.982500;79;33.2;13.9;705;37;71;44.2;24.5;922;192.1;44;45;34;78;35.9;44.6;25.9;1041;87.6;39
2026-07-22;03:48:50.787;60;41.016100;28.980500;92;41.3;5.8;660;35;64;43.1;10;692;204.1;41;46;43;75;35.2;58;16.1;841;92.0;52
2026-07-22;03:48:50.862;79;41.015100;28.979500;70;38.2;14.2;326;42;67;49.7;23.6;1255;204.4;41;31;41;76;35.3;38.8;35.3;1349;92.2;59
2026-07-22;03:48:51.873;23;41.016100;28.980500;85;40.3;20.1;723;32;62;55.3;38.6;1402;204.8;38;30;39;76;34.9;53.7;19.2;623;92.4;70
2026-07-22;03:48:52.963;46;41.017100;28.981500;77;32.7;7;743;36;59;58.7;34.8;1714;205.0;43;33;30;76;35.0;36.8;39.2;2142;92.5;28
2026-07-22;03:48:53.854;34;41.018100;28.982500;79;43.4;17.2;226;37;57;44.4;31.5;1850;205.2;34;46;48;77;35.3;32.4;24.8;756;92.6;32
2026-07-22;03:48:55.771;50;41.019100;28.983500;64;30.7;16.9;398;44;69;52.3;28.8;645;205.7;38;44;33;76;35.0;49.5;18.8;466;92.7;86
2026-07-22;03:48:56.221;46;41.020100;28.984500;81;35;19.1;631;27;72;40.9;16.6;1361;205.9;40;41;48;76;35.1;30.8;36.3;1501;92.8;43
2026-07-22;03:48:57.033;36;41.021100;28.985500;90;39.5;5.7;697;31;68;49.7;17.5;659;206.2;36;39;37;76;34.8;57.1;15.3;2013;92.9;23
2026-07-22;03:48:57.923;83;41.022100;28.986500;61;35.8;22.4;282;40;59;50.5;23;709;206.5;25;47;47;76;34.8;46.7;18.9;1896;93.1;89
2026-07-22;03:48:59.767;33;41.023100;28.987500;92;31.2;10.7;302;40;57;56.5;21.8;932;207.0;28;33;32;75;34.7;54;41.1;1248;93.2;45
2026-07-22;03:49:00.052;23;41.024100;28.988500;88;34.8;14.4;521;36;60;58.6;5.8;696;207.1;39;36;36;76;34.3;51.4;17.1;2394;93.3;57
2026-07-22;03:49:00.945;48;41.025100;28.989500;81;33.5;24.4;403;33;71;47.1;36.5;1961;207.4;36;45;41;76;34.4;40.6;40.5;2037;93.5;30
2026-07-22;03:49:02.830;53;41.026100;28.990500;90;37.1;21.1;229;37;64;59.6;35.3;1674;207.7;43;47;30;76;34.8;34.3;22.9;1331;93.5;35
2026-07-22;03:49:02.903;30;41.025100;28.989500;86;32.9;19.1;410;41;60;43;6.4;990;208.2;29;28;37;76;34.5;58.9;25.7;435;93.6;32
2026-07-22;03:49:04.807;75;41.024100;28.988500;83;49.7;8.4;278;27;54;51.3;12.8;873;208.4;35;31;42;75;34.5;49.1;21.5;1445;93.8;89
2026-07-22;03:49:04.882;81;41.023100;28.987500;74;43.3;10.9;466;27;74;52.7;22.1;1578;208.9;32;33;41;76;34.7;57.1;40.2;353;93.9;35
2026-07-22;03:49:06.336;33;41.022100;28.986500;69;46.7;5.5;433;33;59;49.5;12.3;1965;209.3;42;42;36;75;34.6;30.2;27.6;1891;94.1;83
2026-07-22;03:49:07.237;84;41.021100;28.985500;84;33.2;6.4;254;36;61;44.1;20.5;1316;209.7;38;45;35;76;34.3;52.2;49.2;1848;94.2;68
2026-07-22;03:49:08.119;53;41.020100;28.984500;85;49.8;19.5;360;31;51;44.8;27.2;1577;210.1;39;38;41;77;34.3;35.5;23.4;905;94.4;20
2026-07-22;03:49:09.124;25;41.019100;28.983500;78;49.5;24.6;325;31;72;57.4;11.2;564;210.4;26;36;37;76;34.3;59.4;17.5;1558;94.5;44
2026-07-22;03:49:09.942;39;41.018100;28.982500;76;34.4;6.8;416;41;73;55.9;23.2;970;210.8;38;35;43;75;34.3;46.1;17.7;818;94.7;23
2026-07-22;03:49:11.859;82;41.017100;28.981500;83;42.7;7.8;313;44;51;43.8;14.1;1164;211.3;40;39;44;74;34.2;34.6;30.4;1381;94.9;69
2026-07-22;03:49:12.160;40;41.016100;28.980500;66;34.5;24.1;398;37;65;49;36.6;1900;211.7;28;29;49;75;33.9;46.1;5.6;769;95.0;64
2026-07-22;03:49:13.588;64;41.015100;28.979500;94;44.2;5.7;244;27;52;57.4;13.8;1823;211.9;37;43;36;75;34.3;43.5;34.6;580;95.2;43
2026-07-22;03:49:13.907;59;41.016100;28.980500;85;44.5;20.4;720;34;61;51.9;27.1;1253;212.3;43;38;38;74;34.7;48.8;45.8;490;95.3;50
2026-07-22;03:49:15.797;57;41.017100;28.981500;62;34.3;16.8;442;40;70;56.7;22;1513;212.6;26;45;49;74;35.1;49.7;8;1186;95.4;86
2026-07-22;03:49:16.112;76;41.018100;28.982500;77;39.2;20.3;691;33;63;47.9;32.3;999;212.9;29;33;31;73;35.3;45.2;7.2;740;95.5;22
2026-07-22;03:49:17.076;77;41.019100;28.983500;82;38.8;12.7;326;37;51;40.6;32.4;1347;213.1;32;46;42;73;35.7;30.9;35.8;358;95.7;71
2026-07-22;03:49:17.977;68;41.020100;28.984500;76;34.5;15.6;505;36;67;53.6;16.4;1840;213.5;37;40;49;73;36.1;32.1;19.5;2281;95.8;65
2026-07-22;03:49:19.857;68;41.021100;28.985500;88;45;20.7;436;36;50;42.6;32.6;1786;213.7;35;33;46;74;36.0;57.4;15.7;1789;95.9;39
2026-07-22;03:49:19.930;86;41.022100;28.986500;68;31.7;16.7;336;25;58;50.3;32.2;584;214.1;31;28;40;73;35.6;36.4;15.8;2360;96.1;57
2026-07-22;03:49:20.979;66;41.023100;28.987500;93;49.4;19.2;543;34;73;53.5;38.5;984;214.3;25;42;39;74;35.9;47.6;23.5;1772;96.2;73
2026-07-22;03:49:23.932;72;41.024100;28.988500;80;48.3;20.1;503;33;74;53.9;9.3;1888;214.6;35;30;48;74;35.9;30.8;18;444;96.3;30
2026-07-22;03:49:24.021;52;41.025100;28.989500;96;48.9;23.7;762;41;68;59.2;24.9;994;214.9;40;47;47;74;35.7;41.6;35;2045;96.3;20
2026-07-22;03:49:24.397;28;41.026100;28.990500;83;46.9;13.1;283;33;70;50.7;10.2;754;215.2;35;43;46;74;36.1;57.8;13.4;1558;96.4;50
2026-07-22;03:49:25.938;25;41.025100;28.989500;92;37.7;15.2;722;32;63;51.2;38.7;1776;215.6;35;39;43;75;36.4;34.2;7.2;1589;96.5;64
2026-07-22;03:49:26.360;20;41.024100;28.988500;76;36.6;24.2;204;34;56;55.8;8.4;1976;215.9;34;46;44;76;36.5;58.7;17.9;2034;96.6;76
2026-07-22;03:49:27.194;62;41.023100;28.987500;87;49.8;13.3;671;30;55;44.5;30.5;998;216.3;41;32;46;76;36.1;56.9;6.4;728;96.8;64
2026-07-22;03:49:28.082;73;41.022100;28.986500;60;36.3;15.6;775;29;53;51.5;32.2;1382;216.6;27;30;45;76;35.8;47.2;49.3;1241;96.8;30
2026-07-22;03:49:28.966;52;41.021100;28.985500;65;41.2;8.7;318;43;71;53.9;28.9;1920;216.8;29;39;48;77;36.2;52.4;6.8;1508;96.9;44
2026-07-22;03:49:30.939;48;41.020100;28.984500;63;31.3;19.7;721;36;69;44.9;23.8;1570;217.1;30;47;48;77;36.3;38.2;21.9;1436;97.0;47
2026-07-22;03:49:31.028;52;41.019100;28.983500;65;40;13.8;792;33;53;40.1;31.2;607;217.3;41;42;42;77;36.6;44.1;27.5;1811;97.1;79
2026-07-22;03:49:32.286;30;41.018100;28.982500;70;31.4;9.3;374;42;57;46.7;30.9;1176;217.5;32;37;39;76;36.4;51.6;19.8;2282;97.2;76
2026-07-22;03:49:33.220;46;41.017100;28.981500;92;40;14;784;25;56;59.1;32;1194;217.7;31;34;49;76;35.9;50.1;25.8;846;97.3;60
2026-07-22;03:49:33.926;48;41.016100;28.980500;75;38.6;20.5;762;35;52;43.8;20.7;1687;218.1;41;33;30;77;36.4;35.6;29.6;1524;97.4;80
2026-07-22;03:49:35.243;74;41.015100;28.979500;98;32.6;6.1;270;44;73;59;5.4;1808;218.3;38;47;48;78;35.9;41;25.6;465;97.6;85
2026-07-22;03:49:36.098;80;41.016100;28.980500;65;46.2;13;612;25;61;47.6;9.5;1126;218.6;42;47;49;77;35.7;46.6;10.4;2392;97.7;26
2026-07-22;03:49:36.987;66;41.017100;28.981500;99;40.9;6.7;722;29;61;49.5;26.3;1593;218.8;41;46;49;77;35.2;35.5;13.7;2199;97.9;58
2026-07-22;03:49:38.395;65;41.018100;28.982500;86;33.8;9.6;686;34;51;56.4;24.1;1734;219.0;38;29;34;78;35.2;50.8;43.1;2067;98.0;53
2026-07-22;03:49:39.287;43;41.019100;28.983500;85;39;12.2;662;33;65;57.3;20.6;1172;219.4;29;28;46;78;34.7;42.8;29.2;1696;98.1;89
2026-07-22;03:49:40.117;61;41.020100;28.984500;87;42.4;21.2;371;39;50;53.6;20.6;1141;219.8;35;40;49;78;35.0;57.7;14;786;98.3;40
2026-07-22;03:49:41.081;59;41.021100;28.985500;71;39.5;14.7;796;26;51;48.1;39.9;590;219.9;31;41;32;78;35.3;47.8;25.9;1752;98.5;21
2026-07-22;03:49:42.086;29;41.022100;28.986500;76;40;24.5;649;41;64;41.4;30.4;1164;220.1;31;35;35;78;35.2;37.1;26.5;2035;98.6;70
2026-07-22;03:49:43.103;35;41.023100;28.987500;70;42.7;14.6;643;41;50;42.5;17.7;960;220.5;27;30;34;78;35.4;43.8;31;2484;98.7;83
2026-07-22;03:49:43.947;54;41.024100;28.988500;84;49.5;16.7;400;38;66;57;11.3;1051;220.8;42;38;44;78;35.7;36.7;15;675;98.8;45
2026-07-22;03:49:45.047;36;41.025100;28.989500;70;42.6;19.4;486;42;60;42.8;21.2;707;221.1;34;30;49;78;35.9;43.4;46.8;928;98.9;25
2026-07-22;03:49:45.936;75;41.026100;28.990500;96;46.8;22.3;430;43;70;53.3;19.4;1714;221.3;36;47;46;78;35.5;47;39.7;1209;99.0;84
2026-07-22;03:49:47.043;50;41.025100;28.989500;81;41;17.7;487;42;73;53.2;13.9;1986;221.6;33;45;34;79;35.7;56.8;45.2;1744;99.2;66
2026-07-22;03:49:48.528;59;41.024100;28.988500;77;31;14.2;553;33;70;49.2;22.7;1616;221.8;37;46;33;79;35.9;51.7;42.2;933;99.3;23
2026-07-22;03:49:49.018;32;41.023100;28.987500;73;32.1;14;509;34;53;49.9;8.5;1263;221.9;29;35;45;79;35.6;49.9;23.3;2495;99.4;21
2026-07-22;03:49:50.907;60;41.022100;28.986500;64;31.1;12.8;329;32;60;48.5;6.2;1189;222.3;38;47;31;79;35.9;52.3;49.9;1709;99.6;66
2026-07-22;03:49:50.978;59;41.021100;28.985500;87;47.6;18;293;34;59;58.5;33.8;1647;222.7;40;44;48;80;35.5;32.7;13.4;1473;99.7;59
2026-07-22;03:49:52.649;27;41.020100;28.984500;74;30;11.9;380;35;50;47.4;5.6;1785;222.8;36;43;47;79;35.4;37.7;12.4;1963;99.8;81
2026-07-22;03:49:53.291;86;41.019100;28.983500;75;36.1;11.7;533;25;60;55.6;21.5;1255;223.1;27;37;30;79;35.5;45.6;7.1;2253;99.9;89
2026-07-22;03:49:54.555;33;41.018100;28.982500;94;32.1;19;619;39;60;49.5;31.2;1774;223.4;26;38;38;80;35.3;55.8;46.6;2018;99.9;57
2026-07-22;03:49:55.408;58;41.017100;28.981500;86;32.2;11.8;718;36;64;52.6;19.3;1114;223.7;37;37;45;79;35.0;45.2;29.5;1241;100.0;89
2026-07-22;03:49:56.207;50;41.016100;28.980500;86;43.9;10;510;34;71;51.3;39.1;1055;224.1;39;35;41;80;34.8;45.8;31.2;1185;100.1;63
2026-07-22;03:49:57.093;59;41.015100;28.979500;93;42;18.7;378;35;70;57.1;16.9;558;224.6;34;47;40;79;35.0;48.4;33.9;742;100.3;58
2026-07-22;03:49:58.333;51;41.016100;28.980500;70;47.9;14.4;619;29;58;45.4;26.4;894;224.7;38;35;36;79;35.5;57.4;8.4;1623;100.5;37
2026-07-22;03:49:59.279;44;41.017100;28.981500;80;39.6;11.3;591;44;63;51.4;13.7;1379;224.9;36;39;39;79;35.1;31.3;12.5;1860;100.6;51
2026-07-22;07:09:10.517;70;41.016100;28.980500;76;32;18.3;787;27;70;53.3;28;943;105.9;30;33;30;79;45.7;37;12.6;1807;52.2;41;33.4
2026-07-22;07:09:12.336;81;41.015100;28.979500;71;49.9;18.8;640;29;74;48;19;1355;106.3;37;37;46;79;45.6;30.4;46.1;1155;52.4;44;33.9
2026-07-22;07:09:12.627;42;41.016100;28.980500;68;36.3;17;209;35;53;48.7;27.1;1519;106.5;31;32;46;80;45.2;32.1;45.8;1546;52.6;26;33.4
2026-07-22;07:09:14.452;45;41.017100;28.981500;62;41.2;24.9;280;28;57;49.9;24.9;1202;106.8;42;28;36;80;44.8;30.4;16.6;1884;52.7;27;33.3
2026-07-22;07:09:14.739;32;41.018100;28.982500;87;36;22.2;410;41;51;58.3;20.3;609;107.0;26;40;39;80;44.5;37.3;27.9;1236;52.8;20;33.3
2026-07-22;07:09:15.593;45;41.019100;28.983500;90;37.9;20;594;28;63;50.4;37.4;1674;107.2;35;39;48;79;44.5;35.3;43.7;1514;52.9;48;33.1
2026-07-22;07:09:17.376;63;41.020100;28.984500;99;31.1;7;295;29;60;50.4;25.8;1956;107.5;42;43;47;78;44.1;49.8;44.2;1085;53.1;22;33.2
2026-07-22;07:09:17.662;30;41.021100;28.985500;83;34.2;22.9;668;26;52;56.7;23.2;1360;107.8;30;32;41;79;44.5;59.7;26.8;874;53.2;41;33.2
2026-07-22;07:09:19.239;69;41.022100;28.986500;95;49.1;19.3;234;39;74;45.6;16.5;1014;107.9;38;43;45;79;44.3;56;26.3;1553;53.3;76;33.5
2026-07-22;07:09:20.094;55;41.023100;28.987500;96;40.9;16.4;581;40;63;59.4;9.5;1271;108.2;43;32;48;79;43.9;45.3;49;1781;53.4;86;33.6
2026-07-22;07:09:20.911;69;41.024100;28.988500;80;32.7;21.5;383;40;58;41.9;24.4;859;108.6;25;45;47;80;43.9;55.6;22.8;591;53.5;89;34.2
2026-07-22;07:09:21.730;68;41.025100;28.989500;95;38.9;6.5;280;42;68;44.3;12.6;527;108.7;25;46;46;80;44.0;39;21.8;1143;53.7;70;34.2
2026-07-22;07:09:23.528;84;41.026100;28.990500;72;43.4;16;439;41;60;41.7;28.3;537;108.9;36;31;48;81;44.3;43.2;31.4;2381;53.8;41;33.4
2026-07-22;07:09:23.606;28;41.025100;28.989500;98;46.8;20.2;596;40;71;44;19.4;1496;109.1;42;29;34;80;43.9;58.6;13.4;1887;53.9;83;33.3
2026-07-22;07:09:25.030;58;41.024100;28.988500;64;44;5.2;742;28;64;45.9;13.8;1183;109.4;37;42;45;81;43.6;34.8;11;1822;54.1;75;32.6
2026-07-22;07:09:25.613;23;41.023100;28.987500;90;47.8;12.2;714;26;72;54.9;34.1;605;109.8;31;28;35;81;44.0;36.2;14.5;525;54.3;30;33.2
2026-07-22;07:09:26.593;39;41.022100;28.986500;81;45.8;18.6;692;44;71;49.2;27;636;110.1;33;38;48;81;43.7;44.4;43.8;933;54.5;65;32.9
2026-07-22;07:09:27.962;63;41.021100;28.985500;70;32;17.3;644;26;70;45.2;26.4;1701;110.5;38;32;41;82;44.2;53.5;14.7;789;54.5;62;32.3
2026-07-22;07:09:28.811;77;41.020100;28.984500;63;43.7;5.7;652;44;71;42.7;13.3;861;110.8;43;33;46;83;44.5;43.6;11.8;473;54.6;30;32.7
2026-07-22;07:09:29.630;75;41.019100;28.983500;85;35.2;17.8;311;25;65;40.8;27.5;1969;111.2;39;33;43;83;44.4;39.4;7.8;421;54.7;59;32.9
2026-07-22;07:09:30.602;25;41.018100;28.982500;97;45.7;9.2;670;38;51;46.4;36.2;605;111.5;28;40;32;84;44.5;58;38.3;2061;54.8;27;33.5
2026-07-22;07:09:31.634;71;41.017100;28.981500;66;35.4;22.5;678;38;66;50.9;9.8;1189;111.7;41;38;43;84;44.7;38.3;18.1;670;55.0;46;34.0
2026-07-22;07:09:32.654;53;41.016100;28.980500;92;44.1;23.8;310;33;51;56;26.5;1081;112.1;25;43;45;84;45.0;50.4;36.6;795;55.1;34;33.9
2026-07-22;07:09:33.988;23;41.015100;28.979500;70;41.6;6;464;31;60;41.8;16.8;1088;112.4;33;46;47;83;45.0;45.5;31.1;1339;55.2;80;33.4
2026-07-22;07:09:34.679;26;41.016100;28.980500;70;30.5;23.5;401;28;61;40.2;36.4;1367;112.7;25;47;37;82;44.9;51.9;8.7;741;55.4;57;33.4
2026-07-22;07:09:36.520;67;41.017100;28.981500;83;39.5;15.1;557;43;64;57.4;13.6;988;113.2;41;46;40;81;44.6;58.3;13.2;1074;55.5;34;33.2
2026-07-22;07:09:36.790;60;41.018100;28.982500;62;32.7;23;233;38;72;41.8;12.7;687;113.5;41;34;47;81;44.7;47.6;46.2;1452;55.6;68;33.8
2026-07-22;07:09:38.140;83;41.019100;28.983500;96;32;7.3;427;25;69;43.5;32.5;1025;114.0;33;34;30;82;44.4;46.4;19.5;1964;55.8;58;34.2
2026-07-22;07:09:38.995;47;41.020100;28.984500;69;32.6;11.6;764;40;70;59.7;30.2;898;114.5;41;33;45;81;44.6;52.2;14.2;1789;55.9;70;33.4
2026-07-22;07:09:39.830;57;41.021100;28.985500;91;45.1;21.3;772;30;53;55;28.9;1452;115.0;26;36;33;82;45.0;41.5;12.1;573;56.1;22;33.3
2026-07-22;07:09:40.650;50;41.022100;28.986500;93;46.3;12;256;39;54;47.8;19.2;1672;115.4;30;46;37;82;45.2;47.4;44.4;1197;56.2;60;33.5
2026-07-22;07:09:42.432;67;41.023100;28.987500;79;34.9;6.2;331;40;50;42.1;18.1;1472;115.6;25;40;32;81;45.0;52.5;30.6;793;56.4;28;33.1
2026-07-22;07:09:42.718;65;41.024100;28.988500;67;39.2;11.6;284;25;71;59.6;5.7;1657;116.0;39;35;40;82;44.8;39.8;13;1408;56.5;75;32.5
2026-07-22;07:09:44.570;40;41.025100;28.989500;87;35.9;14.2;665;43;74;58.6;9.6;827;116.5;41;31;43;82;44.8;43.1;25.6;1001;56.6;81;32.5
2026-07-22;07:09:44.939;59;41.026100;28.990500;86;31.9;21.2;248;40;55;42;6.9;685;116.8;32;29;34;83;44.8;59.6;38.5;757;56.8;69;32.7
2026-07-22;07:09:46.032;68;41.025100;28.989500;92;44;10.8;793;33;69;55.1;23.4;513;117.0;35;47;38;82;45.2;42.2;20.6;2472;56.9;20;33.4
2026-07-22;07:09:46.891;25;41.024100;28.988500;98;39.8;14.2;467;38;64;48;6;1049;117.4;35;38;47;82;45.5;57.2;24.6;1138;57.0;54;33.4
2026-07-22;07:09:47.709;27;41.023100;28.987500;88;31.6;11.6;305;34;62;48.6;21.3;1674;117.5;39;37;47;83;45.3;38.8;44;2376;57.1;23;33.0
2026-07-22;07:09:49.518;84;41.022100;28.986500;91;39.8;7;581;39;69;48.9;27.9;1295;117.9;34;47;45;82;45.1;34.5;27.9;1220;57.3;75;33.4
2026-07-22;07:09:49.807;83;41.021100;28.985500;62;38.7;23.2;630;38;69;50.7;20.3;1792;118.1;41;33;30;83;45.5;48.1;23.9;1524;57.3;55;33.1
2026-07-22;07:09:51.642;67;41.020100;28.984500;75;39;20;634;37;73;46.8;18.1;756;118.6;39;42;33;83;45.7;59.5;7.6;1290;57.5;36;32.4
2026-07-22;07:09:51.740;79;41.019100;28.983500;69;37.9;5.8;290;28;53;46.1;8;612;118.7;35;45;47;83;45.4;59.3;48.5;1557;57.6;30;33.0
2026-07-22;07:09:53.081;65;41.018100;28.982500;81;45.9;24.9;400;28;51;49.2;7.8;944;119.1;37;32;31;83;45.1;30.7;31.4;1208;57.7;57;33.6
2026-07-22;07:27:10.977;30;41.016100;28.980500;80;44.8;13.9;469;40;74;40.5;16.5;651;100.3;35;41;37;84;44.6;50.9;18;1154;50.1;30;30.6
2026-07-22;07:27:12.361;35;41.017100;28.981500;84;31.6;6.2;654;34;55;59.6;27.4;1966;100.6;25;45;37;84;44.6;36.5;47.1;1605;50.2;40;31.2
2026-07-22;07:27:12.647;30;41.018100;28.982500;71;44.5;17.1;563;25;72;53.3;7;1813;100.8;26;45;31;84;44.4;34.3;37.1;840;50.3;30;30.5
2026-07-22;07:27:13.581;32;41.019100;28.983500;64;34;14;632;43;72;53.7;13;1255;101.2;37;47;34;83;44.4;33;28.7;1620;50.5;51;31.0
2026-07-22;07:27:15.424;24;41.020100;28.984500;98;44;14.9;758;35;64;56.6;12.7;862;101.7;38;36;33;84;44.3;32.3;34.1;2084;50.6;80;31.6
2026-07-22;07:27:15.708;39;41.021100;28.985500;79;48.6;23.9;206;29;57;40.8;15.5;1920;102.1;31;34;37;84;44.3;35.8;48.9;1232;50.6;67;31.3
2026-07-22;07:27:16.572;79;41.022100;28.986500;63;40.5;9.5;436;37;65;53.2;24;1599;102.2;26;44;44;83;44.6;33.5;41.1;2403;50.7;39;31.1
2026-07-22;07:27:17.878;26;41.023100;28.987500;73;47;15.9;381;41;63;41;27;633;102.7;40;28;30;83;44.3;57.1;27.5;477;50.9;32;30.8
2026-07-22;07:27:18.748;55;41.024100;28.988500;68;40.3;9.5;315;25;70;51.5;23.1;1998;103.0;30;35;46;82;43.9;52.8;15.4;1366;51.0;57;31.3
2026-07-22;07:27:19.556;59;41.025100;28.989500;96;48.6;11.4;504;32;52;49.3;19.2;1895;103.3;30;47;30;82;44.4;30.4;14.8;1960;51.2;70;31.2
2026-07-22;07:27:21.352;60;41.026100;28.990500;85;48.9;20.2;580;27;70;44.3;18.5;1451;103.5;42;41;49;82;44.3;39.2;40.3;2159;51.4;77;31.7
2026-07-22;07:27:21.638;65;41.025100;28.989500;70;49.4;15.6;443;33;57;52.5;24.7;1413;104.0;33;41;41;81;44.6;38;44.4;513;51.4;35;31.9
2026-07-22;07:27:23.464;73;41.024100;28.988500;66;32.5;17.7;259;29;62;43.2;9.6;682;104.4;42;31;30;80;44.8;41.2;23.4;365;51.5;64;32.4
2026-07-22;07:27:23.818;29;41.023100;28.987500;61;33.3;19.5;620;29;70;47.2;17.5;1565;104.7;33;47;49;81;44.9;38.2;11.2;790;51.6;65;31.8
2026-07-22;07:27:24.599;44;41.022100;28.986500;77;40.8;19.6;669;32;64;46.5;31.6;1069;105.0;25;37;35;82;45.3;57.1;19.1;2376;51.8;89;31.8
2026-07-22;07:27:26.393;69;41.021100;28.985500;80;38.3;14.6;366;30;62;49.8;18.2;1747;105.3;43;28;39;82;45.1;59.4;42.6;396;52.0;32;32.2
2026-07-22;07:27:26.677;35;41.020100;28.984500;78;43.2;5.2;297;37;74;45.8;17.5;1948;105.7;29;35;32;81;45.3;44;41;2221;52.2;23;31.6
2026-07-22;07:27:28.523;30;41.019100;28.983500;88;31.2;15.7;292;30;70;52.9;22.7;1442;105.8;44;34;48;81;44.9;36.6;33.8;431;52.3;52;32.3
2026-07-22;07:27:28.615;52;41.018100;28.982500;62;45.1;23.8;370;27;53;47.7;18.7;1595;106.3;39;41;37;81;45.4;33.4;33;1927;52.5;66;31.8
2026-07-22;07:27:29.984;64;41.017100;28.981500;88;47.1;12;745;31;65;59.1;17.3;867;106.6;41;34;32;82;45.3;47;19.8;972;52.6;41;31.3
2026-07-22;07:27:30.853;26;41.016100;28.980500;83;36.1;11.9;381;31;67;47.7;38;1841;106.9;37;40;49;82;45.1;53.6;24.9;1445;52.7;42;30.9
2026-07-22;07:27:31.672;66;41.015100;28.979500;77;32.4;7.4;772;40;60;40.1;9.6;1563;107.3;41;35;30;81;45.3;53.4;9.8;1317;52.8;38;31.1
2026-07-22;07:27:33.454;65;41.016100;28.980500;60;49.4;15.1;678;27;52;40.2;39.9;1055;107.7;37;41;46;80;45.3;47.5;19;2181;53.0;80;31.7
2026-07-22;07:27:33.739;24;41.017100;28.981500;65;44;20.6;279;33;70;48.6;12.2;615;107.9;27;32;40;81;45.3;42.5;9.3;442;53.2;82;32.0
2026-07-22;07:27:34.603;62;41.018100;28.982500;62;44.7;22.7;362;29;71;43.4;18.1;1550;108.2;25;29;34;81;45.7;42.8;15.7;1004;53.3;83;32.0
2026-07-22;07:27:36.404;45;41.019100;28.983500;87;38.3;15.9;738;39;52;53.7;24.5;1541;108.4;31;30;44;81;45.8;49.7;38.6;2173;53.4;26;31.4
2026-07-22;07:27:36.686;65;41.020100;28.984500;60;40.8;22.8;242;28;70;52.4;29.9;693;108.6;43;45;47;81;46.1;54.1;47.8;435;53.5;44;30.7
2026-07-22;07:27:38.524;84;41.021100;28.985500;85;33;24.6;422;26;64;52.5;6.1;636;108.7;30;47;47;80;46.4;31.8;38.8;1850;53.6;65;30.8
2026-07-22;07:27:38.807;86;41.022100;28.986500;91;34.3;10;648;42;64;58.7;15.6;1329;109.0;34;32;40;80;46.6;33.4;7.7;2154;53.6;71;31.3
2026-07-22;07:27:39.662;62;41.023100;28.987500;86;42.3;7.8;612;28;74;47.2;22.7;1708;109.4;42;40;36;79;46.8;51.1;36;1845;53.8;69;31.1
2026-07-22;07:27:41.456;64;41.024100;28.988500;87;34.3;14.7;223;26;58;41.6;33.2;1708;109.9;33;38;31;79;47.1;34;45.9;1775;53.9;46;30.6
2026-07-22;07:27:41.739;39;41.025100;28.989500;77;38.7;24.7;619;44;63;44.5;25.8;1540;110.1;34;43;49;79;46.6;44;11.6;1616;53.9;78;30.1
2026-07-22;07:27:43.577;77;41.026100;28.990500;90;43.2;18.1;376;34;54;40.8;39.9;1866;110.5;33;36;37;79;46.1;46.7;37.9;1626;54.1;84;29.7
2026-07-22;07:27:43.650;64;41.025100;28.989500;89;38.7;12.6;208;35;67;44.6;28.8;563;111.0;29;33;38;78;46.1;54.5;16.1;2403;54.1;77;29.8
2026-07-22;07:27:45.011;67;41.024100;28.988500;83;38.7;10.7;302;30;63;57.1;24.2;854;111.3;38;36;34;79;46.1;37.9;28.1;472;54.3;61;29.8
2026-07-22;07:27:45.873;42;41.023100;28.987500;88;42.8;10.4;641;31;54;49.1;16.1;1578;111.7;32;42;33;80;45.7;57.2;39.6;361;54.3;77;29.7
2026-07-22;07:27:46.686;35;41.022100;28.986500;62;33.5;9.9;478;41;68;48.4;34.4;1921;112.0;41;39;35;80;45.6;59.4;39.4;1879;54.4;42;29.2
2026-07-22;07:27:48.484;40;41.021100;28.985500;71;37.1;18;498;44;71;44.5;9.4;1182;112.3;44;44;45;81;46.1;57.4;39.5;409;54.5;34;29.9
2026-07-22;07:27:48.767;29;41.020100;28.984500;85;47.1;20.2;589;36;61;50.5;7.1;1540;112.5;42;32;46;81;45.6;34.7;20;2464;54.6;34;29.6
2026-07-22;07:27:50.595;40;41.019100;28.983500;78;45.7;10.4;269;44;64;49.9;29.3;834;112.7;38;45;46;81;45.8;46.7;49.9;2093;54.8;39;30.1
2026-07-22;07:27:50.667;34;41.018100;28.982500;65;41.7;11.1;752;43;72;57.2;31.9;814;112.9;25;40;38;80;46.2;57;17.4;1252;54.9;55;30.7
2026-07-22;07:27:51.605;30;41.017100;28.981500;72;47.6;21.3;527;30;61;45.4;29.7;1094;113.0;38;28;31;80;46.4;50.4;24;1408;55.0;84;30.2
2026-07-22;07:27:53.422;30;41.016100;28.980500;95;46.3;24.7;647;44;55;56.8;33.4;1280;113.1;30;38;48;79;46.1;40.1;31.5;1584;55.2;47;30.1
2026-07-22;07:27:53.706;80;41.015100;28.979500;75;39.8;18.8;559;37;74;47.7;10.5;1937;113.2;33;45;47;79;46.6;31.2;8.9;961;55.4;57;30.8
2026-07-22;07:27:55.036;65;41.016100;28.980500;87;49.4;19;379;29;61;45.1;16.3;1465;113.6;31;36;34;78;47.1;37.9;11.3;2280;55.5;36;30.9
2026-07-22;07:27:55.907;62;41.017100;28.981500;63;48.7;15;472;26;58;50.5;15.4;754;114.0;33;38;40;78;47.5;51;25;2178;55.6;86;31.3
2026-07-22;07:27:56.910;80;41.018100;28.982500;70;36.2;9.8;342;39;58;58.6;25.6;1312;114.1;27;46;40;78;47.9;50.4;26.4;1206;55.7;56;31.6
2026-07-22;07:27:57.766;71;41.019100;28.983500;79;38.3;12;570;28;71;52.3;26.8;1989;114.4;39;43;41;78;48.0;47.3;7.6;2482;55.8;37;31.6
2026-07-22;07:27:59.147;41;41.020100;28.984500;64;47.3;7.4;620;44;70;53.9;36.5;1089;114.7;32;32;33;77;48.2;55.5;26.5;2156;56.0;22;31.5
2026-07-22;07:27:59.644;28;41.021100;28.985500;94;36.2;23.3;254;26;50;56.8;20.1;729;114.9;36;42;41;78;48.4;38.2;11.3;1840;56.1;89;31.4
2026-07-22;07:28:01.052;68;41.022100;28.986500;95;38.5;21.5;724;37;73;45.6;38.3;570;115.1;31;47;39;78;48.0;56.5;38.1;338;56.2;78;31.8
2026-07-22;07:28:01.904;44;41.023100;28.987500;63;39.5;19.5;201;25;74;50.7;31.9;962;115.3;39;38;46;79;47.9;56.9;31.5;381;56.3;66;31.3
2026-07-22;07:28:02.734;59;41.024100;28.988500;82;33.3;6.7;206;37;68;41.1;6.4;1850;115.5;41;29;41;79;47.7;47.4;31.6;1807;56.4;61;31.8
2026-07-22;07:28:04.548;61;41.025100;28.989500;94;40.5;18.1;732;33;64;56.5;9.2;1056;115.9;30;41;41;79;47.4;34.1;12.8;889;56.5;71;32.5
2026-07-22;07:28:04.816;34;41.026100;28.990500;91;47.8;17.8;292;41;50;41.3;32.8;998;116.1;40;29;41;79;47.8;42.4;8.2;1906;56.7;87;32.6
2026-07-22;07:28:06.644;33;41.025100;28.989500;92;34.5;5.4;622;33;53;52.8;21.5;855;116.3;44;30;30;79;47.9;38.3;24.2;1056;56.8;50;32.7
2026-07-22;07:28:06.716;36;41.024100;28.988500;90;46.7;16.2;676;35;51;44.7;17.6;1216;116.5;27;37;42;79;47.7;36.1;30.3;2024;57.0;73;33.4
2026-07-22;07:28:08.118;51;41.023100;28.987500;66;44.4;7.6;486;43;67;40.7;14.9;1853;116.8;40;43;33;79;47.4;52.8;41.1;765;57.1;53;32.7
2026-07-22;07:28:08.985;47;41.022100;28.986500;85;47.7;11.7;385;27;57;45.6;9.8;1720;117.1;25;41;40;79;47.4;46.6;49.4;958;57.3;58;33.0
2026-07-22;07:28:09.787;27;41.021100;28.985500;88;42.5;8.4;744;26;59;47.4;13.7;1155;117.3;35;30;37;79;47.0;35.3;14.1;2110;57.4;60;33.7
2026-07-22;07:28:10.888;36;41.020100;28.984500;77;43.4;6.6;471;44;56;53.7;36.4;845;117.5;25;34;36;80;47.3;57.7;34.9;680;57.5;59;33.8
2026-07-22;07:28:11.794;72;41.019100;28.983500;89;49.1;17.9;705;29;53;47.6;14.6;636;117.7;26;42;43;79;47.7;36;22.5;417;57.6;40;33.9
2026-07-22;07:28:12.721;64;41.018100;28.982500;60;48.1;21.8;643;31;53;54.6;36.3;693;118.2;40;47;32;79;47.4;53.2;5;1848;57.8;84;33.9
2026-07-22;07:28:14.105;89;41.017100;28.981500;79;46.6;8.2;605;25;52;50.9;23.1;1864;118.5;36;37;47;80;47.5;34.4;19.8;1040;57.9;75;34.6
2026-07-22;07:28:14.961;65;41.016100;28.980500;99;39.6;18;401;31;57;40.7;21.9;508;118.8;38;45;34;80;47.6;35.4;7.2;1353;58.1;40;34.4
2026-07-22;07:28:15.794;30;41.015100;28.979500;71;30.1;14.2;294;32;50;45.8;14.6;1488;119.3;44;38;48;79;47.9;49;27;722;58.2;25;34.0
2026-07-22;07:28:17.594;31;41.016100;28.980500;63;33.8;24.2;407;41;65;59.1;18.9;1894;119.5;27;35;32;79;48.0;45.8;14.6;1880;58.2;48;34.7
2026-07-22;07:28:17.879;78;41.017100;28.981500;83;46.6;6;512;39;50;41.6;31.7;1581;119.6;35;43;31;79;48.3;49.5;13;809;58.3;22;35.4
2026-07-22;07:28:18.745;44;41.018100;28.982500;73;35;12.8;257;42;52;41.5;31.3;707;120.1;28;35;30;79;48.0;42.8;5.9;785;58.4;46;35.1
2026-07-22;07:28:20.544;32;41.019100;28.983500;99;33.3;16.3;799;43;66;58.9;32.3;1932;120.4;26;41;44;79;48.0;40.2;25.8;611;58.6;43;34.9
2026-07-22;07:28:20.904;79;41.020100;28.984500;69;31.8;8.9;612;25;70;40.2;15.8;971;120.9;39;31;30;78;48.0;50;29.6;358;58.7;56;35.4
2026-07-22;07:28:22.665;25;41.021100;28.985500;77;36.6;5.4;620;39;65;54.5;19.5;1778;121.3;42;38;40;78;48.1;51.7;8.1;2271;58.9;65;35.4
2026-07-22;07:28:22.745;84;41.022100;28.986500;62;31.5;20.2;437;29;55;54.3;16.6;1201;121.6;33;31;43;77;47.8;46.8;39.4;2313;59.0;42;34.8
2026-07-22;07:28:23.710;35;41.023100;28.987500;67;41.8;21.5;265;39;74;57.6;21.9;1032;122.0;35;32;38;77;47.7;45.5;25;1319;59.1;74;34.0
2026-07-22;07:28:25.552;36;41.024100;28.988500;83;35.3;13.4;638;35;61;47.1;14.2;927;122.4;30;32;33;77;47.6;53.1;11;2082;59.2;31;33.9
2026-07-22;07:28:25.843;55;41.025100;28.989500;94;33.7;18.9;608;38;64;49.8;36.1;1130;122.6;33;32;43;76;47.8;35.8;7;1172;59.4;61;33.2
2026-07-22;07:28:27.663;23;41.026100;28.990500;82;33.2;21;567;40;59;42.8;9.5;1608;122.9;35;28;45;77;47.5;55;24.9;2108;59.5;88;32.8
2026-07-22;07:28:27.946;69;41.025100;28.989500;65;45.7;24.5;286;31;69;58.8;28.3;1717;123.1;27;37;40;76;47.1;48.1;16.8;1052;59.6;70;32.3
2026-07-22;07:28:29.315;41;41.024100;28.988500;70;39.7;16.9;697;28;57;52.6;38.4;1535;123.3;31;45;39;75;46.8;38.1;16.5;2003;59.8;71;31.6
2026-07-22;07:28:30.176;51;41.023100;28.987500;89;47.7;12.1;788;38;51;49.8;16.5;670;123.7;27;34;36;76;46.7;51.9;45.9;887;59.9;35;32.0
2026-07-22;07:28:31.003;26;41.022100;28.986500;80;45.9;19.7;402;36;73;53.4;7;1267;124.1;27;34;32;76;46.8;40.7;32;1021;60.0;25;32.3
2026-07-22;07:28:31.833;33;41.021100;28.985500;88;38.9;16.4;348;32;60;51.4;33.4;1245;124.4;38;39;36;77;47.0;42.1;26.1;2192;60.2;44;32.5
2026-07-22;07:28:33.625;52;41.020100;28.984500;66;35;6;295;26;64;42.2;33.1;1532;124.5;44;33;44;77;46.8;31.4;17.7;1131;60.3;37;32.3
2026-07-22;07:28:33.911;82;41.019100;28.983500;65;40.2;18.8;355;37;56;47.7;7;1439;124.9;39;37;31;77;46.7;53.1;28.6;2204;60.4;88;32.2
2026-07-22;07:28:35.737;44;41.018100;28.982500;72;45.2;19.8;459;42;64;55.3;22.8;601;125.2;35;46;46;77;46.6;36.3;22.7;1915;60.6;43;31.7
2026-07-22;07:28:35.808;55;41.017100;28.981500;62;49.3;12.5;357;29;59;57.5;6;1879;125.3;27;45;39;77;46.2;34.8;13.7;1417;60.6;59;31.5
2026-07-22;07:28:37.198;23;41.016100;28.980500;75;43.4;14.9;784;33;57;43.7;31.9;933;125.5;25;38;43;78;45.9;36.3;11.5;2203;60.8;28;30.8
2026-07-22;07:28:38.555;75;41.015100;28.979500;77;43.4;20.9;651;41;60;51.4;8.9;1331;125.6;29;43;34;77;45.9;46.6;26.5;486;61.0;46;30.2
2026-07-22;07:28:38.928;37;41.016100;28.980500;71;39.5;18.1;442;44;67;44.5;35.4;782;125.8;44;46;31;77;45.7;53.2;23.4;999;61.1;87;30.7
2026-07-22;07:28:40.680;25;41.017100;28.981500;69;33.6;9.4;263;31;69;42.6;19.9;1537;125.9;26;33;41;78;45.3;35.9;20.3;1522;61.3;48;30.3
2026-07-22;07:28:41.054;23;41.018100;28.982500;90;44.6;13.6;430;43;55;44.6;8.9;1883;126.4;28;40;43;78;45.4;50;30.2;487;61.4;51;29.8
2026-07-22;07:28:41.844;53;41.019100;28.983500;69;49.5;25;258;44;63;41.5;38.3;970;126.9;35;40;47;78;45.2;57.6;47.1;1460;61.6;54;30.2
2026-07-22;07:28:43.702;80;41.020100;28.984500;65;49.6;24.7;564;44;74;51.1;32.2;1783;127.1;36;33;31;78;45.4;41.2;24;1048;61.6;35;30.8
2026-07-22;07:28:43.957;36;41.021100;28.985500;72;38.9;14.3;243;39;50;58.9;21.1;1010;127.5;30;42;38;79;45.5;46.7;8.4;302;61.7;29;30.9
2026-07-22;07:28:44.885;27;41.022100;28.986500;66;34.4;9.8;338;40;53;54.1;28.3;1453;127.9;32;39;35;79;45.7;48.3;42.4;973;61.9;60;31.3
2026-07-22;07:28:46.683;26;41.023100;28.987500;70;47;11.4;335;28;50;50.5;19.9;1670;128.3;37;31;46;78;45.3;56.9;34.9;1868;62.0;80;31.0
2026-07-22;07:28:47.065;54;41.024100;28.988500;91;37.6;14.5;356;32;64;44.6;11.2;554;128.7;41;42;48;78;45.5;59.6;40.8;466;62.2;83;31.6
2026-07-22;07:28:47.864;24;41.025100;28.989500;91;32.8;8.2;466;41;54;40;10.9;1315;129.1;43;33;41;79;45.1;50.1;8.3;953;62.4;48;31.9
2026-07-22;07:28:49.655;86;41.026100;28.990500;92;38.1;5.5;675;42;69;55.8;36.2;1310;129.3;34;35;42;78;45.2;58.9;26.7;1242;62.4;39;31.6
2026-07-22;07:28:50.065;58;41.025100;28.989500;62;50;8.8;687;44;50;49.7;16.8;1976;129.4;32;40;37;79;45.1;41.8;15.3;1443;62.5;24;32.0
2026-07-22;07:28:50.859;51;41.024100;28.988500;98;41.1;18.1;567;35;58;47;23;569;129.9;42;39;49;79;45.1;36.7;18.6;1793;62.7;22;32.1
2026-07-22;07:28:52.694;78;41.023100;28.987500;92;43.5;10.4;612;34;51;42.1;17;1626;130.0;31;28;35;78;45.3;31.4;10.5;1830;62.8;75;31.5
2026-07-22;07:28:53.090;68;41.022100;28.986500;96;48.4;23.2;605;28;63;49.4;33.3;713;130.3;37;38;48;77;45.0;40.6;41.3;2076;63.0;71;31.7
2026-07-22;07:28:53.862;82;41.021100;28.985500;95;40.6;22.6;396;38;72;47.7;25.4;1383;130.5;42;31;36;77;45.4;34.2;7.1;1742;63.1;75;31.4
2026-07-22;07:28:55.693;89;41.020100;28.984500;65;43.7;15.4;289;37;73;51.8;33.3;1087;131.0;25;38;38;77;45.1;39.9;42.5;919;63.2;24;31.4
2026-07-22;07:28:55.973;61;41.019100;28.983500;81;33.6;12.7;496;37;72;46;14.7;1622;131.5;28;35;34;77;45.5;47.8;48.3;768;63.4;49;31.1
